Folder name,Number of Images,Folder Location,Year,Decade,Journal
1815_0_1507,780,BP2 prepped images,1815,1810s,Anti-Jacobin review and magazine
1815_1_1507,774,BP2 prepped images,1815,1810s,Anti-Jacobin review and magazine
1815_2_1507,33,BP2 prepped images,1815,1810s,Anti-Jacobin review and magazine
1816_0_1507,805,BP2 prepped images,1816,1810s,Anti-Jacobin review and magazine
1816_1_1507,556,BP2 prepped images,1816,1810s,Anti-Jacobin review and magazine
1817_0_1507,732,BP2 prepped images,1817,1810s,Anti-Jacobin review and magazine
1817_1_1507,543,BP2 prepped images,1817,1810s,Anti-Jacobin review and magazine
1817_2_1507,187,BP2 prepped images,1817,1810s,Anti-Jacobin review and magazine
1818_0_1507,452,BP2 prepped images,1818,1810s,Anti-Jacobin review and magazine
1818_1_1507,469,BP2 prepped images,1818,1810s,Anti-Jacobin review and magazine
1818_2_1507,431,BP2 prepped images,1818,1810s,Anti-Jacobin review and magazine
1819_0_1507,251,BP2 prepped images,1819,1810s,Anti-Jacobin review and magazine
1817_0_1588,343,BP2 prepped images,1817,1810s,Black Dwarf
1817_1_1588,303,BP2 prepped images,1817,1810s,Black Dwarf
1818_0_1588,348,BP2 prepped images,1818,1810s,Black Dwarf
1818_1_1588,351,BP2 prepped images,1818,1810s,Black Dwarf
1818_2_1588,104,BP2 prepped images,1818,1810s,Black Dwarf
1819_0_1588,344,BP2 prepped images,1819,1810s,Black Dwarf
1819_1_1588,329,BP2 prepped images,1819,1810s,Black Dwarf
1819_2_1588,97,BP2 prepped images,1819,1810s,Black Dwarf
1820_0_1588,646,BP2 prepped images,1820,1820s,Black Dwarf
1820_1_1588,636,BP2 prepped images,1820,1820s,Black Dwarf
1820_2_1588,646,BP2 prepped images,1820,1820s,Black Dwarf
1820_3_1588,265,BP2 prepped images,1820,1820s,Black Dwarf
1821_0_1588,593,BP2 prepped images,1821,1820s,Black Dwarf
1821_1_1588,584,BP2 prepped images,1821,1820s,Black Dwarf
1821_2_1588,560,BP2 prepped images,1821,1820s,Black Dwarf
1821_3_1588,409,BP2 prepped images,1821,1820s,Black Dwarf
1822_0_1588,629,BP2 prepped images,1822,1820s,Black Dwarf
1822_1_1588,632,BP2 prepped images,1822,1820s,Black Dwarf
1822_2_1588,647,BP2 prepped images,1822,1820s,Black Dwarf
1822_3_1588,209,BP2 prepped images,1822,1820s,Black Dwarf
1823_0_1588,714,BP2 prepped images,1823,1820s,Black Dwarf
1823_1_1588,702,BP2 prepped images,1823,1820s,Black Dwarf
1823_2_1588,706,BP2 prepped images,1823,1820s,Black Dwarf
1823_3_1588,40,BP2 prepped images,1823,1820s,Black Dwarf
1824_0_1588,670,BP2 prepped images,1824,1820s,Black Dwarf
1831_0_17729,829,BP2 prepped images,1831,1830s,Blackwood's Edinburgh magazine
1831_1_17729,845,BP2 prepped images,1831,1830s,Blackwood's Edinburgh magazine
1831_2_17729,447,BP2 prepped images,1831,1830s,Blackwood's Edinburgh magazine
1832_0_17729,790,BP2 prepped images,1832,1830s,Blackwood's Edinburgh magazine
1832_1_17729,770,BP2 prepped images,1832,1830s,Blackwood's Edinburgh magazine
1832_2_17729,516,BP2 prepped images,1832,1830s,Blackwood's Edinburgh magazine
1833_0_17729,780,BP2 prepped images,1833,1830s,Blackwood's Edinburgh magazine
1833_1_17729,803,BP2 prepped images,1833,1830s,Blackwood's Edinburgh magazine
1833_2_17729,500,BP2 prepped images,1833,1830s,Blackwood's Edinburgh magazine
1834_0_17729,780,BP2 prepped images,1834,1830s,Blackwood's Edinburgh magazine
1834_1_17729,769,BP2 prepped images,1834,1830s,Blackwood's Edinburgh magazine
1834_2_17729,443,BP2 prepped images,1834,1830s,Blackwood's Edinburgh magazine
1835_0_17729,831,BP2 prepped images,1835,1830s,Blackwood's Edinburgh magazine
1835_1_17729,835,BP2 prepped images,1835,1830s,Blackwood's Edinburgh magazine
1835_2_17729,299,BP2 prepped images,1835,1830s,Blackwood's Edinburgh magazine
1817_0_1593,541,BP2 prepped images,1817,1810s,British stage and literary cabinet
1818_0_1593,497,BP2 prepped images,1818,1810s,British stage and literary cabinet
1819_0_1593,582,BP2 prepped images,1819,1810s,British stage and literary cabinet
1819_1_1593,62,BP2 prepped images,1819,1810s,British stage and literary cabinet
1820_0_1593,620,BP2 prepped images,1820,1820s,British stage and literary cabinet
1820_1_1593,19,BP2 prepped images,1820,1820s,British stage and literary cabinet
1821_0_1593,576,BP2 prepped images,1821,1820s,British stage and literary cabinet
1821_1_1593,243,BP2 prepped images,1821,1820s,British stage and literary cabinet
1822_0_1593,152,BP2 prepped images,1822,1820s,British stage and literary cabinet
1820_0_1759,253,BP2 prepped images,1820,1820s,Examiner
1820_1_1759,241,BP2 prepped images,1820,1820s,Examiner
1820_2_1759,219,BP2 prepped images,1820,1820s,Examiner
1820_3_1759,267,BP2 prepped images,1820,1820s,Examiner
1820_4_1759,232,BP2 prepped images,1820,1820s,Examiner
1820_5_1759,234,BP2 prepped images,1820,1820s,Examiner
1820_7_1759,66,BP2 prepped images,1820,1820s,Examiner
1821_0_1759,290,BP2 prepped images,1821,1820s,Examiner
1821_1_1759,321,BP2 prepped images,1821,1820s,Examiner
1821_2_1759,248,BP2 prepped images,1821,1820s,Examiner
1821_3_1759,259,BP2 prepped images,1821,1820s,Examiner
1821_4_1759,248,BP2 prepped images,1821,1820s,Examiner
1821_5_1759,246,BP2 prepped images,1821,1820s,Examiner
1821_6_1759,209,BP2 prepped images,1821,1820s,Examiner
1822_0_1759,274,BP2 prepped images,1822,1820s,Examiner
1822_1_1759,249,BP2 prepped images,1822,1820s,Examiner
1822_2_1759,244,BP2 prepped images,1822,1820s,Examiner
1822_3_1759,242,BP2 prepped images,1822,1820s,Examiner
1822_4_1759,246,BP2 prepped images,1822,1820s,Examiner
1822_5_1759,222,BP2 prepped images,1822,1820s,Examiner
1822_6_1759,238,BP2 prepped images,1822,1820s,Examiner
1822_7_1759,72,BP2 prepped images,1822,1820s,Examiner
1823_0_1759,232,BP2 prepped images,1823,1820s,Examiner
1823_1_1759,218,BP2 prepped images,1823,1820s,Examiner
1823_2_1759,244,BP2 prepped images,1823,1820s,Examiner
1823_3_1759,232,BP2 prepped images,1823,1820s,Examiner
1823_4_1759,220,BP2 prepped images,1823,1820s,Examiner
1823_5_1759,217,BP2 prepped images,1823,1820s,Examiner
1823_6_1759,220,BP2 prepped images,1823,1820s,Examiner
1823_7_1759,217,BP2 prepped images,1823,1820s,Examiner
1823_8_1759,24,BP2 prepped images,1823,1820s,Examiner
1824_0_1759,213,BP2 prepped images,1824,1820s,Examiner
1824_1_1759,205,BP2 prepped images,1824,1820s,Examiner
1824_2_1759,221,BP2 prepped images,1824,1820s,Examiner
1824_3_1759,230,BP2 prepped images,1824,1820s,Examiner
1824_4_1759,214,BP2 prepped images,1824,1820s,Examiner
1824_5_1759,191,BP2 prepped images,1824,1820s,Examiner
1824_6_1759,207,BP2 prepped images,1824,1820s,Examiner
1824_7_1759,190,BP2 prepped images,1824,1820s,Examiner
1824_8_1759,96,BP2 prepped images,1824,1820s,Examiner
1825_0_1759,219,BP2 prepped images,1825,1820s,Examiner
1825_1_1759,206,BP2 prepped images,1825,1820s,Examiner
1825_2_1759,211,BP2 prepped images,1825,1820s,Examiner
1825_3_1759,233,BP2 prepped images,1825,1820s,Examiner
1825_4_1759,243,BP2 prepped images,1825,1820s,Examiner
1825_5_1759,215,BP2 prepped images,1825,1820s,Examiner
1825_6_1759,212,BP2 prepped images,1825,1820s,Examiner
1825_7_1759,182,BP2 prepped images,1825,1820s,Examiner
1785_1_16021,277,BP2 prepped images,1785,1780s,London magazine
1820_0_16021,485,BP2 prepped images,1820,1820s,London magazine
1820_1_16021,441,BP2 prepped images,1820,1820s,London magazine
1820_2_16021,466,BP2 prepped images,1820,1820s,London magazine
1820_3_16021,438,BP2 prepped images,1820,1820s,London magazine
1821_0_16021,502,BP2 prepped images,1821,1820s,London magazine
1821_1_16021,500,BP2 prepped images,1821,1820s,London magazine
1821_2_16021,486,BP2 prepped images,1821,1820s,London magazine
1821_3_16021,270,BP2 prepped images,1821,1820s,London magazine
1822_0_16021,467,BP2 prepped images,1822,1820s,London magazine
1822_1_16021,462,BP2 prepped images,1822,1820s,London magazine
1822_2_16021,427,BP2 prepped images,1822,1820s,London magazine
1822_3_16021,364,BP2 prepped images,1822,1820s,London magazine
1823_0_16021,440,BP2 prepped images,1823,1820s,London magazine
1823_1_16021,445,BP2 prepped images,1823,1820s,London magazine
1823_2_16021,422,BP2 prepped images,1823,1820s,London magazine
1823_3_16021,316,BP2 prepped images,1823,1820s,London magazine
1824_0_16021,431,BP2 prepped images,1824,1820s,London magazine
1824_1_16021,444,BP2 prepped images,1824,1820s,London magazine
1824_2_16021,469,BP2 prepped images,1824,1820s,London magazine
1824_3_16021,267,BP2 prepped images,1824,1820s,London magazine
1825_0_16021,527,BP2 prepped images,1825,1820s,London magazine
1825_1_16021,530,BP2 prepped images,1825,1820s,London magazine
1825_2_16021,528,BP2 prepped images,1825,1820s,London magazine
1825_3_16021,486,BP2 prepped images,1825,1820s,London magazine
1825_4_16021,67,BP2 prepped images,1825,1820s,London magazine
1826_0_16021,528,BP2 prepped images,1826,1820s,London magazine
1826_1_16021,488,BP2 prepped images,1826,1820s,London magazine
1826_2_16021,463,BP2 prepped images,1826,1820s,London magazine
1826_3_16021,450,BP2 prepped images,1826,1820s,London magazine
1827_0_16021,511,BP2 prepped images,1827,1820s,London magazine
1827_1_16021,486,BP2 prepped images,1827,1820s,London magazine
1827_2_16021,497,BP2 prepped images,1827,1820s,London magazine
1827_3_16021,409,BP2 prepped images,1827,1820s,London magazine
1828_0_16021,517,BP2 prepped images,1828,1820s,London magazine
1828_1_16021,471,BP2 prepped images,1828,1820s,London magazine
1828_2_16021,476,BP2 prepped images,1828,1820s,London magazine
1828_3_16021,427,BP2 prepped images,1828,1820s,London magazine
1829_0_16021,474,BP2 prepped images,1829,1820s,London magazine
1829_1_16021,452,BP2 prepped images,1829,1820s,London magazine
1829_2_16021,38,BP2 prepped images,1829,1820s,London magazine