1770_0_1560.zip,ii,1
1770_0_16021.zip,ii,1
1770_0_16045.zip,ii,1
1770_0_1716.zip,ii,1
1770_0_1718.zip,ii,1
1770_0_2473.zip,ii,1
1770_0_3079.zip,ii,1
1770_0_6776.zip,ii,1
1770_0_6777.zip,ii,1
1770_1_1560.zip,ii,1
1770_1_16021.zip,ii,1
1770_1_16045.zip,ii,1
1770_1_1716.zip,ii,1
1770_1_1718.zip,ii,1
1770_1_3079.zip,ii,1
1770_1_6776.zip,ii,1
1770_1_6777.zip,ii,1
1770_2_1560.zip,ii,1
1770_2_16021.zip,ii,1
1770_2_1718.zip,ii,1
1770_2_3079.zip,ii,1
1770_2_6776.zip,ii,1
1770_3_1718.zip,ii,1
1770_3_3079.zip,ii,1
1770_4_1718.zip,ii,1
1770_5_1718.zip,ii,1
1771_0_1560.zip,ii,1
1771_0_16021.zip,ii,1
1771_0_16045.zip,ii,1
1771_0_1716.zip,ii,1
1771_0_1718.zip,ii,1
1771_0_3079.zip,ii,1
1771_0_6776.zip,ii,1
1771_0_6777.zip,ii,1
1771_0_7060.zip,ii,1
1771_1_1560.zip,ii,1
1771_1_16021.zip,ii,1
1771_1_16045.zip,ii,1
1771_1_1716.zip,ii,1
1771_1_1718.zip,ii,1
1771_1_3079.zip,ii,1
1771_1_6776.zip,ii,1
1771_1_6777.zip,ii,1
1771_1_7060.zip,ii,1
1771_2_1560.zip,ii,1
1771_2_16021.zip,ii,1
1771_2_1716.zip,ii,1
1771_2_1718.zip,ii,1
1771_2_3079.zip,ii,1
1771_2_6776.zip,ii,1
1771_3_1718.zip,ii,1
1771_3_3079.zip,ii,1
1771_4_1718.zip,ii,1
1771_5_1718.zip,ii,1
1772_0_1560.zip,ii,1
1772_0_16021.zip,ii,1
1772_0_16045.zip,ii,1
1772_0_1716.zip,ii,1
1772_0_1718.zip,ii,1
1772_0_3079.zip,ii,1
1772_0_6776.zip,ii,1
1772_0_6777.zip,ii,1
1772_0_7060.zip,ii,1
1772_1_1560.zip,ii,1
1772_1_16021.zip,ii,1
1772_1_16045.zip,ii,1
1772_1_1716.zip,ii,1
1772_1_1718.zip,ii,1
1772_1_3079.zip,ii,1
1772_1_6776.zip,ii,1
1772_1_6777.zip,ii,1
1772_1_7060.zip,ii,1
1772_2_1560.zip,ii,1
1772_2_16021.zip,ii,1
1772_2_1716.zip,ii,1
1772_2_1718.zip,ii,1
1772_2_3079.zip,ii,1
1772_2_6776.zip,ii,1
1772_3_16021.zip,ii,1
1772_3_1718.zip,ii,1
1772_3_3079.zip,ii,1
1772_4_1718.zip,ii,1
1772_5_1718.zip,ii,1
1773_0_14448.zip,ii,1
1773_0_1560.zip,ii,1
1773_0_16021.zip,ii,1
1773_0_16045.zip,ii,1
1773_0_1716.zip,ii,1
1773_0_1718.zip,ii,1
1773_0_24136.zip,ii,1
1773_0_2473.zip,ii,1
1773_0_3079.zip,ii,1
1773_0_5846.zip,ii,1
1773_0_6776.zip,ii,1
1773_0_6777.zip,ii,1
1773_0_7060.zip,ii,1
1773_1_14448.zip,ii,1
1773_1_1560.zip,ii,1
1773_1_16021.zip,ii,1
1773_1_16045.zip,ii,1
1773_1_1716.zip,ii,1
1773_1_1718.zip,ii,1
1773_1_3079.zip,ii,1
1773_1_5846.zip,ii,1
1773_1_6776.zip,ii,1
1773_1_6777.zip,ii,1
1773_1_7060.zip,ii,1
1773_2_1560.zip,ii,1
1773_2_16021.zip,ii,1
1773_2_1718.zip,ii,1
1773_2_3079.zip,ii,1
1773_2_6776.zip,ii,1
1773_3_1718.zip,ii,1
1773_3_3079.zip,ii,1
1773_4_1718.zip,ii,1
1773_5_1718.zip,ii,1
1774_0_14448.zip,ii,1
1774_0_1560.zip,ii,1
1774_0_16021.zip,ii,1
1774_0_16045.zip,ii,1
1774_0_1716.zip,ii,1
1774_0_1718.zip,ii,1
1774_0_24136.zip,ii,1
1774_0_3079.zip,ii,1
1774_0_5846.zip,ii,1
1774_0_6776.zip,ii,1
1774_0_6777.zip,ii,1
1774_0_7060.zip,ii,1
1774_1_14448.zip,ii,1
1774_1_1560.zip,ii,1
1774_1_16021.zip,ii,1
1774_1_16045.zip,ii,1
1774_1_1716.zip,ii,1
1774_1_1718.zip,ii,1
1774_1_24136.zip,ii,1
1774_1_3079.zip,ii,1
1774_1_5846.zip,ii,1
1774_1_6776.zip,ii,1
1774_1_6777.zip,ii,1
1774_1_7060.zip,ii,1
1774_2_1560.zip,ii,1
1774_2_16021.zip,ii,1
1774_2_1718.zip,ii,1
1774_2_3079.zip,ii,1
1774_2_6776.zip,ii,1
1774_3_1718.zip,ii,1
1774_3_3079.zip,ii,1
1774_4_1718.zip,ii,1
1774_5_1718.zip,ii,1
1775_0_14448.zip,ii,1
1775_0_1560.zip,ii,1
1775_0_16021.zip,ii,1
1775_0_16045.zip,ii,1
1775_0_1716.zip,ii,1
1775_0_1718.zip,ii,1
1775_0_24136.zip,ii,1
1775_0_2473.zip,ii,1
1775_0_3079.zip,ii,1
1775_0_5846.zip,ii,1
1775_0_6776.zip,ii,1
1775_0_6777.zip,ii,1
1775_0_7060.zip,ii,1
1775_1_14448.zip,ii,1
1775_1_1560.zip,ii,1
1775_1_16021.zip,ii,1
1775_1_1716.zip,ii,1
1775_1_1718.zip,ii,1
1775_1_24136.zip,ii,1
1775_1_3079.zip,ii,1
1775_1_6776.zip,ii,1
1775_1_6777.zip,ii,1
1775_1_7060.zip,ii,1
1775_2_1560.zip,ii,1
1775_2_16021.zip,ii,1
1775_2_1716.zip,ii,1
1775_2_1718.zip,ii,1
1775_2_24136.zip,ii,1
1775_2_3079.zip,ii,1
1775_2_6776.zip,ii,1
1775_2_7060.zip,ii,1
1775_3_16021.zip,ii,1
1775_3_1718.zip,ii,1
1775_3_3079.zip,ii,1
1775_4_1718.zip,ii,1
1775_5_1718.zip,ii,1
1776_0_14448.zip,ii,1
1776_0_1560.zip,ii,1
1776_0_16021.zip,ii,1
1776_0_16045.zip,ii,1
1776_0_1716.zip,ii,1
1776_0_1718.zip,ii,1
1776_0_24136.zip,ii,1
1776_0_2473.zip,ii,1
1776_0_3079.zip,ii,1
1776_0_5846.zip,ii,1
1776_0_6776.zip,ii,1
1776_0_6777.zip,ii,1
1776_0_7060.zip,ii,1
1776_1_14448.zip,ii,1
1776_1_1560.zip,ii,1
1776_1_16021.zip,ii,1
1776_1_16045.zip,ii,1
1776_1_1716.zip,ii,1
1776_1_1718.zip,ii,1
1776_1_24136.zip,ii,1
1776_1_3079.zip,ii,1
1776_1_6776.zip,ii,1
1776_1_6777.zip,ii,1
1776_1_7060.zip,ii,1
1776_2_1560.zip,ii,1
1776_2_16021.zip,ii,1
1776_2_1716.zip,ii,1
1776_2_1718.zip,ii,1
1776_2_3079.zip,ii,1
1776_2_6776.zip,ii,1
1776_2_7060.zip,ii,1
1776_3_16021.zip,ii,1
1776_3_1718.zip,ii,1
1776_3_3079.zip,ii,1
1776_4_1718.zip,ii,1
1776_5_1718.zip,ii,1
1777_0_14448.zip,ii,1
1777_0_1560.zip,ii,1
1777_0_16021.zip,ii,1
1777_0_1716.zip,ii,1
1777_0_1718.zip,ii,1
1777_0_2555.zip,ii,1
1777_0_3079.zip,ii,1
1777_0_5846.zip,ii,1
1777_0_6776.zip,ii,1
1777_0_6777.zip,ii,1
1777_0_7060.zip,ii,1
1777_1_14448.zip,ii,1
1777_1_1560.zip,ii,1
1777_1_16021.zip,ii,1
1777_1_1716.zip,ii,1
1777_1_1718.zip,ii,1
1777_1_3079.zip,ii,1
1777_1_6776.zip,ii,1
1777_1_6777.zip,ii,1
1777_1_7060.zip,ii,1
1777_2_1560.zip,ii,1
1777_2_16021.zip,ii,1
1777_2_1716.zip,ii,1
1777_2_1718.zip,ii,1
1777_2_3079.zip,ii,1
1777_2_6776.zip,ii,1
1777_2_7060.zip,ii,1
1777_3_1718.zip,ii,1
1777_3_3079.zip,ii,1
1777_4_1718.zip,ii,1
1778_0_14448.zip,ii,1
1778_0_1560.zip,ii,1
1778_0_16021.zip,ii,1
1778_0_1716.zip,ii,1
1778_0_1718.zip,ii,1
1778_0_3079.zip,ii,1
1778_0_6776.zip,ii,1
1778_0_6777.zip,ii,1
1778_0_7060.zip,ii,1
1778_1_14448.zip,ii,1
1778_1_1560.zip,ii,1
1778_1_16021.zip,ii,1
1778_1_1716.zip,ii,1
1778_1_1718.zip,ii,1
1778_1_3079.zip,ii,1
1778_1_6776.zip,ii,1
1778_1_6777.zip,ii,1
1778_1_7060.zip,ii,1
1778_2_1560.zip,ii,1
1778_2_16021.zip,ii,1
1778_2_1716.zip,ii,1
1778_2_1718.zip,ii,1
1778_2_3079.zip,ii,1
1778_2_6776.zip,ii,1
1778_2_7060.zip,ii,1
1778_3_1718.zip,ii,1
1778_3_3079.zip,ii,1
1778_4_1718.zip,ii,1
1779_0_14448.zip,ii,1
1779_0_1560.zip,ii,1
1779_0_16021.zip,ii,1
1779_0_1716.zip,ii,1
1779_0_1718.zip,ii,1
1779_0_2473.zip,ii,1
1779_0_3016.zip,ii,1
1779_0_3079.zip,ii,1
1779_0_6776.zip,ii,1
1779_0_6777.zip,ii,1
1779_0_7060.zip,ii,1
1779_1_14448.zip,ii,1
1779_1_1560.zip,ii,1
1779_1_16021.zip,ii,1
1779_1_1716.zip,ii,1
1779_1_1718.zip,ii,1
1779_1_3016.zip,ii,1
1779_1_3079.zip,ii,1
1779_1_6776.zip,ii,1
1779_1_6777.zip,ii,1
1779_1_7060.zip,ii,1
1779_2_1560.zip,ii,1
1779_2_16021.zip,ii,1
1779_2_1716.zip,ii,1
1779_2_1718.zip,ii,1
1779_2_3079.zip,ii,1
1779_2_6776.zip,ii,1
1779_2_7060.zip,ii,1
1779_3_1718.zip,ii,1
1779_3_3079.zip,ii,1
1779_4_1718.zip,ii,1
1780_0_14448.zip,ii,1
1780_0_1560.zip,ii,1
1780_0_16021.zip,ii,1
1780_0_1716.zip,ii,1
1780_0_1718.zip,ii,1
1780_0_3016.zip,ii,1
1780_0_3079.zip,ii,1
1780_0_3082.zip,ii,1
1780_0_6776.zip,ii,1
1780_0_6777.zip,ii,1
1780_0_7060.zip,ii,1
1780_0_7062.zip,ii,1
1780_10_3016.zip,ii,1
1780_11_3016.zip,ii,1
1780_1_14448.zip,ii,1
1780_1_1560.zip,ii,1
1780_1_16021.zip,ii,1
1780_1_1716.zip,ii,1
1780_1_1718.zip,ii,1
1780_1_3016.zip,ii,1
1780_1_3079.zip,ii,1
1780_1_3082.zip,ii,1
1780_1_6776.zip,ii,1
1780_1_6777.zip,ii,1
1780_1_7060.zip,ii,1
1780_2_1560.zip,ii,1
1780_2_16021.zip,ii,1
1780_2_1716.zip,ii,1
1780_2_1718.zip,ii,1
1780_2_3016.zip,ii,1
1780_2_3079.zip,ii,1
1780_2_6776.zip,ii,1
1780_2_7060.zip,ii,1
1780_3_1718.zip,ii,1
1780_3_3016.zip,ii,1
1780_3_3079.zip,ii,1
1780_4_1718.zip,ii,1
1780_4_3016.zip,ii,1
1780_5_1718.zip,ii,1
1780_5_3016.zip,ii,1
1780_6_3016.zip,ii,1
1780_7_3016.zip,ii,1
1780_8_3016.zip,ii,1
1780_9_3016.zip,ii,1
1781_0_14448.zip,ii,1
1781_0_1560.zip,ii,1
1781_0_16021.zip,ii,1
1781_0_1716.zip,ii,1
1781_0_1718.zip,ii,1
1781_0_3016.zip,ii,1
1781_0_3079.zip,ii,1
1781_0_3082.zip,ii,1
1781_0_6776.zip,ii,1
1781_0_6777.zip,ii,1
1781_0_7060.zip,ii,1
1781_10_3016.zip,ii,1
1781_11_3016.zip,ii,1
1781_1_14448.zip,ii,1
1781_1_1560.zip,ii,1
1781_1_16021.zip,ii,1
1781_1_1716.zip,ii,1
1781_1_1718.zip,ii,1
1781_1_3016.zip,ii,1
1781_1_3079.zip,ii,1
1781_1_3082.zip,ii,1
1781_1_6776.zip,ii,1
1781_1_6777.zip,ii,1
1781_1_7060.zip,ii,1
1781_2_1560.zip,ii,1
1781_2_1716.zip,ii,1
1781_2_1718.zip,ii,1
1781_2_3016.zip,ii,1
1781_2_3079.zip,ii,1
1781_2_6776.zip,ii,1
1781_2_7060.zip,ii,1
1781_3_1718.zip,ii,1
1781_3_3016.zip,ii,1
1781_3_3079.zip,ii,1
1781_4_1718.zip,ii,1
1781_4_3016.zip,ii,1
1781_5_1718.zip,ii,1
1781_5_3016.zip,ii,1
1781_6_3016.zip,ii,1
1781_7_3016.zip,ii,1
1781_8_3016.zip,ii,1
1781_9_3016.zip,ii,1
1782_0_14448.zip,ii,1
1782_0_1560.zip,ii,1
1782_0_16021.zip,ii,1
1782_0_1716.zip,ii,1
1782_0_1718.zip,ii,1
1782_0_1722.zip,ii,1
1782_0_2473.zip,ii,1
1782_0_2878.zip,ii,1
1782_0_3016.zip,ii,1
1782_0_3079.zip,ii,1
1782_0_3082.zip,ii,1
1782_0_6776.zip,ii,1
1782_0_6777.zip,ii,1
1782_0_7060.zip,ii,1
1782_10_3016.zip,ii,1
1782_1_1560.zip,ii,1
1782_1_16021.zip,ii,1
1782_1_1716.zip,ii,1
1782_1_1718.zip,ii,1
1782_1_1722.zip,ii,1
1782_1_3016.zip,ii,1
1782_1_3079.zip,ii,1
1782_1_6776.zip,ii,1
1782_1_6777.zip,ii,1
1782_1_7060.zip,ii,1
1782_2_1560.zip,ii,1
1782_2_16021.zip,ii,1
1782_2_1716.zip,ii,1
1782_2_1718.zip,ii,1
1782_2_1722.zip,ii,1
1782_2_3016.zip,ii,1
1782_2_3079.zip,ii,1
1782_2_6776.zip,ii,1
1782_2_7060.zip,ii,1
1782_3_3016.zip,ii,1
1782_3_3079.zip,ii,1
1782_4_3016.zip,ii,1
1782_5_3016.zip,ii,1
1782_6_3016.zip,ii,1
1782_7_3016.zip,ii,1
1782_8_3016.zip,ii,1
1782_9_3016.zip,ii,1
1783_0_13415.zip,ii,1
1783_0_14448.zip,ii,1
1783_0_1560.zip,ii,1
1783_0_16021.zip,ii,1
1783_0_1716.zip,ii,1
1783_0_1718.zip,ii,1
1783_0_1722.zip,ii,1
1783_0_2878.zip,ii,1
1783_0_3016.zip,ii,1
1783_0_3079.zip,ii,1
1783_0_3082.zip,ii,1
1783_0_6776.zip,ii,1
1783_0_6777.zip,ii,1
1783_0_7060.zip,ii,1
1783_1_13415.zip,ii,1
1783_1_14448.zip,ii,1
1783_1_1560.zip,ii,1
1783_1_16021.zip,ii,1
1783_1_1716.zip,ii,1
1783_1_1718.zip,ii,1
1783_1_1722.zip,ii,1
1783_1_3016.zip,ii,1
1783_1_3079.zip,ii,1
1783_1_3082.zip,ii,1
1783_1_6776.zip,ii,1
1783_1_6777.zip,ii,1
1783_1_7060.zip,ii,1
1783_2_13415.zip,ii,1
1783_2_1560.zip,ii,1
1783_2_16021.zip,ii,1
1783_2_1716.zip,ii,1
1783_2_1718.zip,ii,1
1783_2_1722.zip,ii,1
1783_2_3016.zip,ii,1
1783_2_3079.zip,ii,1
1783_2_6776.zip,ii,1
1783_2_7060.zip,ii,1
1783_3_13415.zip,ii,1
1783_3_3016.zip,ii,1
1783_3_3079.zip,ii,1
1783_4_3016.zip,ii,1
1783_5_3016.zip,ii,1
1783_6_3016.zip,ii,1
1783_7_3016.zip,ii,1
1783_8_3016.zip,ii,1
1783_9_3016.zip,ii,1
1784_0_13415.zip,ii,1
1784_0_14448.zip,ii,1
1784_0_1560.zip,ii,1
1784_0_16021.zip,ii,1
1784_0_1716.zip,ii,1
1784_0_1718.zip,ii,1
1784_0_1722.zip,ii,1
1784_0_3016.zip,ii,1
1784_0_3079.zip,ii,1
1784_0_3082.zip,ii,1
1784_0_6776.zip,ii,1
1784_0_6777.zip,ii,1
1784_0_7060.zip,ii,1
1784_1_13415.zip,ii,1
1784_1_14448.zip,ii,1
1784_1_1560.zip,ii,1
1784_1_16021.zip,ii,1
1784_1_1716.zip,ii,1
1784_1_1718.zip,ii,1
1784_1_1722.zip,ii,1
1784_1_3016.zip,ii,1
1784_1_3079.zip,ii,1
1784_1_6776.zip,ii,1
1784_1_6777.zip,ii,1
1784_1_7060.zip,ii,1
1784_2_13415.zip,ii,1
1784_2_1560.zip,ii,1
1784_2_16021.zip,ii,1
1784_2_1716.zip,ii,1
1784_2_1722.zip,ii,1
1784_2_3016.zip,ii,1
1784_2_3079.zip,ii,1
1784_2_6776.zip,ii,1
1784_2_7060.zip,ii,1
1784_3_16021.zip,ii,1
1784_3_3016.zip,ii,1
1784_3_3079.zip,ii,1
1784_4_3016.zip,ii,1
1784_5_3016.zip,ii,1
1784_6_3016.zip,ii,1
1784_7_3016.zip,ii,1
1784_8_3016.zip,ii,1
1785_0_13415.zip,ii,1
1785_0_14448.zip,ii,1
1785_0_1560.zip,ii,1
1785_0_16021.zip,ii,1
1785_0_1716.zip,ii,1
1785_0_1722.zip,ii,1
1785_0_2346.zip,ii,1
1785_0_2473.zip,ii,1
1785_0_2587.zip,ii,1
1785_0_3016.zip,ii,1
1785_0_3079.zip,ii,1
1785_0_3082.zip,ii,1
1785_0_6776.zip,ii,1
1785_0_6777.zip,ii,1
1785_0_7060.zip,ii,1
1785_1_13415.zip,ii,1
1785_1_14448.zip,ii,1
1785_1_1560.zip,ii,1
1785_1_16021.zip,ii,1
1785_1_1716.zip,ii,1
1785_1_1722.zip,ii,1
1785_1_2587.zip,ii,1
1785_1_3016.zip,ii,1
1785_1_3079.zip,ii,1
1785_1_3082.zip,ii,1
1785_1_6776.zip,ii,1
1785_1_6777.zip,ii,1
1785_1_7060.zip,ii,1
1785_2_13415.zip,ii,1
1785_2_1560.zip,ii,1
1785_2_1716.zip,ii,1
1785_2_1722.zip,ii,1
1785_2_3016.zip,ii,1
1785_2_3079.zip,ii,1
1785_2_6776.zip,ii,1
1785_3_13415.zip,ii,1
1785_3_3016.zip,ii,1
1785_3_3079.zip,ii,1
1785_4_3016.zip,ii,1
1785_5_3016.zip,ii,1
1785_6_3016.zip,ii,1
1785_7_3016.zip,ii,1
1786_0_13415.zip,ii,1
1786_0_1560.zip,ii,1
1786_0_1716.zip,ii,1
1786_0_1722.zip,ii,1
1786_0_2346.zip,ii,1
1786_0_2587.zip,ii,1
1786_0_3016.zip,ii,1
1786_0_3079.zip,ii,1
1786_0_3082.zip,ii,1
1786_0_6776.zip,ii,1
1786_0_6777.zip,ii,1
1786_0_7060.zip,ii,1
1786_10_3016.zip,ii,1
1786_1_13415.zip,ii,1
1786_1_1560.zip,ii,1
1786_1_1716.zip,ii,1
1786_1_1722.zip,ii,1
1786_1_2346.zip,ii,1
1786_1_2587.zip,ii,1
1786_1_3016.zip,ii,1
1786_1_3079.zip,ii,1
1786_1_3082.zip,ii,1
1786_1_6776.zip,ii,1
1786_1_6777.zip,ii,1
1786_1_7060.zip,ii,1
1786_2_13415.zip,ii,1
1786_2_1560.zip,ii,1
1786_2_1722.zip,ii,1
1786_2_3016.zip,ii,1
1786_2_3079.zip,ii,1
1786_2_6776.zip,ii,1
1786_2_7060.zip,ii,1
1786_3_3016.zip,ii,1
1786_3_3079.zip,ii,1
1786_3_7060.zip,ii,1
1786_4_3016.zip,ii,1
1786_5_3016.zip,ii,1
1786_6_3016.zip,ii,1
1786_7_3016.zip,ii,1
1786_8_3016.zip,ii,1
1786_9_3016.zip,ii,1
1787_0_13415.zip,ii,1
1787_0_1560.zip,ii,1
1787_0_1716.zip,ii,1
1787_0_1722.zip,ii,1
1787_0_2346.zip,ii,1
1787_0_2473.zip,ii,1
1787_0_2587.zip,ii,1
1787_0_3016.zip,ii,1
1787_0_3079.zip,ii,1
1787_0_3082.zip,ii,1
1787_0_6776.zip,ii,1
1787_0_6777.zip,ii,1
1787_0_7060.zip,ii,1
1787_10_3016.zip,ii,1
1787_11_3016.zip,ii,1
1787_1_13415.zip,ii,1
1787_1_1560.zip,ii,1
1787_1_1716.zip,ii,1
1787_1_1722.zip,ii,1
1787_1_2346.zip,ii,1
1787_1_3016.zip,ii,1
1787_1_3079.zip,ii,1
1787_1_3082.zip,ii,1
1787_1_6776.zip,ii,1
1787_1_6777.zip,ii,1
1787_1_7060.zip,ii,1
1787_2_13415.zip,ii,1
1787_2_1560.zip,ii,1
1787_2_1722.zip,ii,1
1787_2_3016.zip,ii,1
1787_2_3079.zip,ii,1
1787_2_6776.zip,ii,1
1787_2_7060.zip,ii,1
1787_3_3016.zip,ii,1
1787_3_3079.zip,ii,1
1787_3_7060.zip,ii,1
1787_4_3016.zip,ii,1
1787_4_3079.zip,ii,1
1787_5_3016.zip,ii,1
1787_6_3016.zip,ii,1
1787_7_3016.zip,ii,1
1787_8_3016.zip,ii,1
1787_9_3016.zip,ii,1
1788_0_13415.zip,ii,1
1788_0_1506.zip,ii,1
1788_0_1560.zip,ii,1
1788_0_1665.zip,ii,1
1788_0_1716.zip,ii,1
1788_0_1722.zip,ii,1
1788_0_2346.zip,ii,1
1788_0_2587.zip,ii,1
1788_0_3079.zip,ii,1
1788_0_3082.zip,ii,1
1788_0_6776.zip,ii,1
1788_0_6777.zip,ii,1
1788_0_7060.zip,ii,1
1788_1_13415.zip,ii,1
1788_1_1506.zip,ii,1
1788_1_1560.zip,ii,1
1788_1_1716.zip,ii,1
1788_1_1722.zip,ii,1
1788_1_2346.zip,ii,1
1788_1_2587.zip,ii,1
1788_1_3079.zip,ii,1
1788_1_6776.zip,ii,1
1788_1_6777.zip,ii,1
1788_1_7060.zip,ii,1
1788_2_13415.zip,ii,1
1788_2_1506.zip,ii,1
1788_2_1560.zip,ii,1
1788_2_1722.zip,ii,1
1788_2_3079.zip,ii,1
1788_2_6776.zip,ii,1
1788_2_7060.zip,ii,1
1788_3_1560.zip,ii,1
1788_3_3079.zip,ii,1
1788_3_7060.zip,ii,1
1788_4_3079.zip,ii,1
1788_4_7060.zip,ii,1
1789_0_13415.zip,ii,1
1789_0_1506.zip,ii,1
1789_0_1560.zip,ii,1
1789_0_1665.zip,ii,1
1789_0_1716.zip,ii,1
1789_0_1722.zip,ii,1
1789_0_2346.zip,ii,1
1789_0_2473.zip,ii,1
1789_0_2587.zip,ii,1
1789_0_3016.zip,ii,1
1789_0_3079.zip,ii,1
1789_0_3082.zip,ii,1
1789_0_6776.zip,ii,1
1789_0_6777.zip,ii,1
1789_0_7060.zip,ii,1
1789_10_3016.zip,ii,1
1789_11_3016.zip,ii,1
1789_12_3016.zip,ii,1
1789_13_3016.zip,ii,1
1789_14_3016.zip,ii,1
1789_15_3016.zip,ii,1
1789_1_13415.zip,ii,1
1789_1_1506.zip,ii,1
1789_1_1560.zip,ii,1
1789_1_1665.zip,ii,1
1789_1_1716.zip,ii,1
1789_1_1722.zip,ii,1
1789_1_2346.zip,ii,1
1789_1_2587.zip,ii,1
1789_1_3016.zip,ii,1
1789_1_3079.zip,ii,1
1789_1_3082.zip,ii,1
1789_1_6776.zip,ii,1
1789_1_6777.zip,ii,1
1789_1_7060.zip,ii,1
1789_2_13415.zip,ii,1
1789_2_1506.zip,ii,1
1789_2_1560.zip,ii,1
1789_2_1722.zip,ii,1
1789_2_3016.zip,ii,1
1789_2_3079.zip,ii,1
1789_2_6776.zip,ii,1
1789_2_7060.zip,ii,1
1789_3_1506.zip,ii,1
1789_3_1560.zip,ii,1
1789_3_3016.zip,ii,1
1789_3_3079.zip,ii,1
1789_3_7060.zip,ii,1
1789_4_3016.zip,ii,1
1789_4_3079.zip,ii,1
1789_4_7060.zip,ii,1
1789_5_3016.zip,ii,1
1789_6_3016.zip,ii,1
1789_7_3016.zip,ii,1
1789_8_3016.zip,ii,1
1789_9_3016.zip,ii,1
1790_0_13415.zip,ii,9
1790_0_1506.zip,ii,9
1790_0_1560.zip,ii,9
1790_0_1665.zip,ii,9
1790_0_1716.zip,ii,9
1790_0_1722.zip,ii,9
1790_0_2346.zip,ii,9
1790_0_3079.zip,ii,9
1790_0_3082.zip,ii,9
1790_0_6776.zip,ii,9
1790_0_6777.zip,ii,9
1790_0_7060.zip,ii,9
1790_1_13415.zip,ii,9
1790_1_1506.zip,ii,9
1790_1_1560.zip,ii,9
1790_1_1665.zip,ii,9
1790_1_1716.zip,ii,9
1790_1_1722.zip,ii,9
1790_1_2346.zip,ii,9
1790_1_3079.zip,ii,9
1790_1_6776.zip,ii,9
1790_1_6777.zip,ii,9
1790_1_7060.zip,ii,9
1790_2_13415.zip,ii,9
1790_2_1506.zip,ii,9
1790_2_1560.zip,ii,9
1790_2_1722.zip,ii,9
1790_2_3079.zip,ii,9
1790_2_6776.zip,ii,9
1790_2_7060.zip,ii,9
1790_3_1506.zip,ii,9
1790_3_1560.zip,ii,9
1790_3_3079.zip,ii,9
1790_3_7060.zip,ii,9
1790_4_1506.zip,ii,9
1790_4_3079.zip,ii,9
1790_4_7060.zip,ii,9
1790_5_7060.zip,ii,9
1790_6_7060.zip,ii,9
1791_0_13415.zip,ii,9
1791_0_1506.zip,ii,9
1791_0_1560.zip,ii,9
1791_0_1665.zip,ii,9
1791_0_1716.zip,ii,9
1791_0_1722.zip,ii,9
1791_0_2346.zip,ii,9
1791_0_3079.zip,ii,9
1791_0_3082.zip,ii,9
1791_0_6776.zip,ii,9
1791_0_6777.zip,ii,9
1791_0_7060.zip,ii,9
1791_1_13415.zip,ii,9
1791_1_1506.zip,ii,9
1791_1_1560.zip,ii,9
1791_1_1665.zip,ii,9
1791_1_1716.zip,ii,9
1791_1_1722.zip,ii,9
1791_1_2346.zip,ii,9
1791_1_3079.zip,ii,9
1791_1_3082.zip,ii,9
1791_1_6776.zip,ii,9
1791_1_6777.zip,ii,9
1791_1_7060.zip,ii,9
1791_2_13415.zip,ii,9
1791_2_1506.zip,ii,9
1791_2_1560.zip,ii,9
1791_2_1722.zip,ii,9
1791_2_3079.zip,ii,9
1791_2_7060.zip,ii,9
1791_3_1506.zip,ii,9
1791_3_1560.zip,ii,9
1791_3_3079.zip,ii,9
1791_3_7060.zip,ii,9
1791_4_1560.zip,ii,9
1791_4_3079.zip,ii,9
1791_4_7060.zip,ii,9
1792_0_13415.zip,ii,9
1792_0_1506.zip,ii,9
1792_0_1558.zip,ii,9
1792_0_1560.zip,ii,9
1792_0_1665.zip,ii,9
1792_0_1716.zip,ii,9
1792_0_1722.zip,ii,9
1792_0_2346.zip,ii,9
1792_0_2473.zip,ii,9
1792_0_3079.zip,ii,9
1792_0_3082.zip,ii,9
1792_0_6776.zip,ii,9
1792_0_6777.zip,ii,9
1792_0_7060.zip,ii,9
1792_1_13415.zip,ii,9
1792_1_1506.zip,ii,9
1792_1_1560.zip,ii,9
1792_1_1665.zip,ii,9
1792_1_1716.zip,ii,9
1792_1_1722.zip,ii,9
1792_1_2346.zip,ii,9
1792_1_3079.zip,ii,9
1792_1_6776.zip,ii,9
1792_1_6777.zip,ii,9
1792_1_7060.zip,ii,9
1792_2_13415.zip,ii,9
1792_2_1506.zip,ii,9
1792_2_1560.zip,ii,9
1792_2_1722.zip,ii,9
1792_2_3079.zip,ii,9
1792_2_7060.zip,ii,9
1792_3_1506.zip,ii,9
1792_3_1560.zip,ii,9
1792_3_3079.zip,ii,9
1792_3_7060.zip,ii,9
1792_4_1506.zip,ii,9
1792_4_1560.zip,ii,9
1792_4_3079.zip,ii,9
1792_4_7060.zip,ii,9
1793_0_13415.zip,ii,9
1793_0_1506.zip,ii,9
1793_0_1558.zip,ii,9
1793_0_1560.zip,ii,9
1793_0_15901.zip,ii,9
1793_0_1665.zip,ii,9
1793_0_1716.zip,ii,9
1793_0_1722.zip,ii,9
1793_0_2346.zip,ii,9
1793_0_2587.zip,ii,9
1793_0_3079.zip,ii,9
1793_0_3082.zip,ii,9
1793_0_6776.zip,ii,9
1793_0_6777.zip,ii,9
1793_0_7060.zip,ii,9
1793_1_13415.zip,ii,9
1793_1_1506.zip,ii,9
1793_1_1560.zip,ii,9
1793_1_15901.zip,ii,9
1793_1_1665.zip,ii,9
1793_1_1716.zip,ii,9
1793_1_1722.zip,ii,9
1793_1_2346.zip,ii,9
1793_1_2587.zip,ii,9
1793_1_3079.zip,ii,9
1793_1_3082.zip,ii,9
1793_1_6776.zip,ii,9
1793_1_6777.zip,ii,9
1793_1_7060.zip,ii,9
1793_2_13415.zip,ii,9
1793_2_1506.zip,ii,9
1793_2_1560.zip,ii,9
1793_2_15901.zip,ii,9
1793_2_1722.zip,ii,9
1793_2_3079.zip,ii,9
1793_2_7060.zip,ii,9
1793_3_1506.zip,ii,9
1793_3_1560.zip,ii,9
1793_3_3079.zip,ii,9
1793_3_7060.zip,ii,9
1793_4_1560.zip,ii,9
1793_4_3079.zip,ii,9
1794_0_13415.zip,ii,9
1794_0_1506.zip,ii,9
1794_0_1560.zip,ii,9
1794_0_15901.zip,ii,9
1794_0_1665.zip,ii,9
1794_0_1716.zip,ii,9
1794_0_1722.zip,ii,9
1794_0_2473.zip,ii,9
1794_0_2587.zip,ii,9
1794_0_3079.zip,ii,9
1794_0_3082.zip,ii,9
1794_0_6776.zip,ii,9
1794_0_6777.zip,ii,9
1794_0_7060.zip,ii,9
1794_1_13415.zip,ii,9
1794_1_1506.zip,ii,9
1794_1_1560.zip,ii,9
1794_1_15901.zip,ii,9
1794_1_1716.zip,ii,9
1794_1_1722.zip,ii,9
1794_1_2587.zip,ii,9
1794_1_3079.zip,ii,9
1794_1_3082.zip,ii,9
1794_1_6776.zip,ii,9
1794_1_6777.zip,ii,9
1794_1_7060.zip,ii,9
1794_2_13415.zip,ii,9
1794_2_1506.zip,ii,9
1794_2_1560.zip,ii,9
1794_2_15901.zip,ii,9
1794_2_1716.zip,ii,9
1794_2_1722.zip,ii,9
1794_2_3079.zip,ii,9
1794_2_7060.zip,ii,9
1794_3_1506.zip,ii,9
1794_3_1560.zip,ii,9
1794_3_15901.zip,ii,9
1794_3_3079.zip,ii,9
1794_3_7060.zip,ii,9
1794_4_3079.zip,ii,9
1794_5_3079.zip,ii,9
1795_0_13415.zip,ii,9
1795_0_1506.zip,ii,9
1795_0_1560.zip,ii,9
1795_0_15901.zip,ii,9
1795_0_1716.zip,ii,9
1795_0_1722.zip,ii,9
1795_0_2587.zip,ii,9
1795_0_3079.zip,ii,9
1795_0_3082.zip,ii,9
1795_0_6776.zip,ii,9
1795_0_6777.zip,ii,9
1795_0_7060.zip,ii,9
1795_1_13415.zip,ii,9
1795_1_1506.zip,ii,9
1795_1_1560.zip,ii,9
1795_1_15901.zip,ii,9
1795_1_1716.zip,ii,9
1795_1_1722.zip,ii,9
1795_1_2587.zip,ii,9
1795_1_3079.zip,ii,9
1795_1_3082.zip,ii,9
1795_1_6776.zip,ii,9
1795_1_6777.zip,ii,9
1795_1_7060.zip,ii,9
1795_2_13415.zip,ii,9
1795_2_1506.zip,ii,9
1795_2_1560.zip,ii,9
1795_2_15901.zip,ii,9
1795_2_1716.zip,ii,9
1795_2_1722.zip,ii,9
1795_2_3079.zip,ii,9
1795_2_7060.zip,ii,9
1795_3_1506.zip,ii,9
1795_3_1560.zip,ii,9
1795_3_15901.zip,ii,9
1795_3_3079.zip,ii,9
1795_4_3079.zip,ii,9
1795_5_3079.zip,ii,9
1796_0_13415.zip,ii,9
1796_0_1506.zip,ii,9
1796_0_1560.zip,ii,9
1796_0_15901.zip,ii,9
1796_0_1716.zip,ii,9
1796_0_1722.zip,ii,9
1796_0_2473.zip,ii,9
1796_0_2587.zip,ii,9
1796_0_2952.zip,ii,9
1796_0_3079.zip,ii,9
1796_0_3082.zip,ii,9
1796_0_6777.zip,ii,9
1796_0_7060.zip,ii,9
1796_1_13415.zip,ii,9
1796_1_1506.zip,ii,9
1796_1_1560.zip,ii,9
1796_1_15901.zip,ii,9
1796_1_1716.zip,ii,9
1796_1_1722.zip,ii,9
1796_1_2587.zip,ii,9
1796_1_2952.zip,ii,9
1796_1_3079.zip,ii,9
1796_1_3082.zip,ii,9
1796_1_6777.zip,ii,9
1796_1_7060.zip,ii,9
1796_2_13415.zip,ii,9
1796_2_1506.zip,ii,9
1796_2_1560.zip,ii,9
1796_2_15901.zip,ii,9
1796_2_1716.zip,ii,9
1796_2_1722.zip,ii,9
1796_2_2952.zip,ii,9
1796_2_3079.zip,ii,9
1796_2_7060.zip,ii,9
1796_3_13415.zip,ii,9
1796_3_1506.zip,ii,9
1796_3_1560.zip,ii,9
1796_3_15901.zip,ii,9
1796_3_2952.zip,ii,9
1796_3_3079.zip,ii,9
1796_4_3079.zip,ii,9
1796_5_3079.zip,ii,9
1797_0_1506.zip,ii,9
1797_0_1560.zip,ii,9
1797_0_15901.zip,ii,9
1797_0_1716.zip,ii,9
1797_0_1722.zip,ii,9
1797_0_2587.zip,ii,9
1797_0_2952.zip,ii,9
1797_0_3079.zip,ii,9
1797_0_3082.zip,ii,9
1797_0_6777.zip,ii,9
1797_0_7060.zip,ii,9
1797_1_1506.zip,ii,9
1797_1_1560.zip,ii,9
1797_1_15901.zip,ii,9
1797_1_1716.zip,ii,9
1797_1_1722.zip,ii,9
1797_1_2587.zip,ii,9
1797_1_2952.zip,ii,9
1797_1_3079.zip,ii,9
1797_1_3082.zip,ii,9
1797_1_6777.zip,ii,9
1797_1_7060.zip,ii,9
1797_2_1506.zip,ii,9
1797_2_1560.zip,ii,9
1797_2_15901.zip,ii,9
1797_2_1716.zip,ii,9
1797_2_1722.zip,ii,9
1797_2_2952.zip,ii,9
1797_2_3079.zip,ii,9
1797_2_7060.zip,ii,9
1797_3_1560.zip,ii,9
1797_3_15901.zip,ii,9
1797_3_2952.zip,ii,9
1797_3_3079.zip,ii,9
1797_3_7060.zip,ii,9
1797_4_1560.zip,ii,9
1797_4_2952.zip,ii,9
1797_4_3079.zip,ii,9
1797_5_3079.zip,ii,9
1798_0_1506.zip,ii,9
1798_0_1507.zip,ii,9
1798_0_1560.zip,ii,9
1798_0_15901.zip,ii,9
1798_0_1657.zip,ii,9
1798_0_1716.zip,ii,9
1798_0_1722.zip,ii,9
1798_0_2587.zip,ii,9
1798_0_2952.zip,ii,9
1798_0_3016.zip,ii,9
1798_0_3079.zip,ii,9
1798_0_3082.zip,ii,9
1798_0_6777.zip,ii,9
1798_0_7060.zip,ii,9
1798_10_3016.zip,ii,9
1798_11_3016.zip,ii,9
1798_12_3016.zip,ii,9
1798_13_3016.zip,ii,9
1798_14_3016.zip,ii,9
1798_15_3016.zip,ii,9
1798_16_3016.zip,ii,9
1798_17_3016.zip,ii,9
1798_18_3016.zip,ii,9
1798_19_3016.zip,ii,9
1798_1_1506.zip,ii,9
1798_1_1507.zip,ii,9
1798_1_1560.zip,ii,9
1798_1_15901.zip,ii,9
1798_1_1716.zip,ii,9
1798_1_1722.zip,ii,9
1798_1_2587.zip,ii,9
1798_1_2952.zip,ii,9
1798_1_3016.zip,ii,9
1798_1_3079.zip,ii,9
1798_1_3082.zip,ii,9
1798_1_6777.zip,ii,9
1798_1_7060.zip,ii,9
1798_20_3016.zip,ii,9
1798_21_3016.zip,ii,9
1798_22_3016.zip,ii,9
1798_23_3016.zip,ii,9
1798_24_3016.zip,ii,9
1798_25_3016.zip,ii,9
1798_26_3016.zip,ii,9
1798_27_3016.zip,ii,9
1798_2_1506.zip,ii,9
1798_2_1560.zip,ii,9
1798_2_15901.zip,ii,9
1798_2_1716.zip,ii,9
1798_2_1722.zip,ii,9
1798_2_2952.zip,ii,9
1798_2_3016.zip,ii,9
1798_2_3079.zip,ii,9
1798_2_7060.zip,ii,9
1798_3_1560.zip,ii,9
1798_3_15901.zip,ii,9
1798_3_2952.zip,ii,9
1798_3_3016.zip,ii,9
1798_3_3079.zip,ii,9
1798_4_1560.zip,ii,9
1798_4_2952.zip,ii,9
1798_4_3016.zip,ii,9
1798_4_3079.zip,ii,9
1798_5_3016.zip,ii,9
1798_5_3079.zip,ii,9
1798_6_3016.zip,ii,9
1798_7_3016.zip,ii,9
1798_8_3016.zip,ii,9
1798_9_3016.zip,ii,9
1799_0_1506.zip,ii,9
1799_0_1507.zip,ii,9
1799_0_1560.zip,ii,9
1799_0_15901.zip,ii,9
1799_0_1657.zip,ii,9
1799_0_1716.zip,ii,9
1799_0_1722.zip,ii,9
1799_0_2587.zip,ii,9
1799_0_2952.zip,ii,9
1799_0_3016.zip,ii,9
1799_0_3079.zip,ii,9
1799_0_3082.zip,ii,9
1799_0_6777.zip,ii,9
1799_0_7060.zip,ii,9
1799_10_3016.zip,ii,9
1799_11_3016.zip,ii,9
1799_12_3016.zip,ii,9
1799_13_3016.zip,ii,9
1799_14_3016.zip,ii,9
1799_15_3016.zip,ii,9
1799_16_3016.zip,ii,9
1799_17_3016.zip,ii,9
1799_18_3016.zip,ii,9
1799_19_3016.zip,ii,9
1799_1_1506.zip,ii,9
1799_1_1507.zip,ii,9
1799_1_1560.zip,ii,9
1799_1_15901.zip,ii,9
1799_1_1657.zip,ii,9
1799_1_1716.zip,ii,9
1799_1_1722.zip,ii,9
1799_1_2587.zip,ii,9
1799_1_2952.zip,ii,9
1799_1_3016.zip,ii,9
1799_1_3079.zip,ii,9
1799_1_3082.zip,ii,9
1799_1_6777.zip,ii,9
1799_1_7060.zip,ii,9
1799_20_3016.zip,ii,9
1799_21_3016.zip,ii,9
1799_22_3016.zip,ii,9
1799_23_3016.zip,ii,9
1799_24_3016.zip,ii,9
1799_2_1507.zip,ii,9
1799_2_1560.zip,ii,9
1799_2_15901.zip,ii,9
1799_2_1716.zip,ii,9
1799_2_1722.zip,ii,9
1799_2_2952.zip,ii,9
1799_2_3016.zip,ii,9
1799_2_3079.zip,ii,9
1799_2_7060.zip,ii,9
1799_3_1560.zip,ii,9
1799_3_15901.zip,ii,9
1799_3_2952.zip,ii,9
1799_3_3016.zip,ii,9
1799_3_3079.zip,ii,9
1799_4_3016.zip,ii,9
1799_4_3079.zip,ii,9
1799_5_3016.zip,ii,9
1799_5_3079.zip,ii,9
1799_6_3016.zip,ii,9
1799_7_3016.zip,ii,9
1799_8_3016.zip,ii,9
1799_9_3016.zip,ii,9
1800_0_1507.zip,ii,9
1800_0_15517.zip,ii,9
1800_0_1560.zip,ii,9
1800_0_15901.zip,ii,9
1800_0_1657.zip,ii,9
1800_0_1716.zip,ii,9
1800_0_1722.zip,ii,9
1800_0_2473.zip,ii,9
1800_0_2587.zip,ii,9
1800_0_2893.zip,ii,9
1800_0_2952.zip,ii,9
1800_0_3079.zip,ii,9
1800_0_3082.zip,ii,9
1800_0_6777.zip,ii,9
1800_0_7060.zip,ii,9
1800_1_1507.zip,ii,9
1800_1_15517.zip,ii,9
1800_1_1560.zip,ii,9
1800_1_15901.zip,ii,9
1800_1_1657.zip,ii,9
1800_1_1716.zip,ii,9
1800_1_1722.zip,ii,9
1800_1_2587.zip,ii,9
1800_1_2952.zip,ii,9
1800_1_3079.zip,ii,9
1800_1_3082.zip,ii,9
1800_1_6777.zip,ii,9
1800_1_7060.zip,ii,9
1800_2_1507.zip,ii,9
1800_2_15517.zip,ii,9
1800_2_1560.zip,ii,9
1800_2_15901.zip,ii,9
1800_2_1716.zip,ii,9
1800_2_1722.zip,ii,9
1800_2_2952.zip,ii,9
1800_2_3079.zip,ii,9
1800_2_7060.zip,ii,9
1800_3_1507.zip,ii,9
1800_3_1560.zip,ii,9
1800_3_15901.zip,ii,9
1800_3_2952.zip,ii,9
1800_3_3079.zip,ii,9
1800_4_1560.zip,ii,9
1800_4_2952.zip,ii,9
1800_4_3079.zip,ii,9
1800_5_2952.zip,ii,9
1801_0_1507.zip,ii,9
1801_0_15517.zip,ii,9
1801_0_1560.zip,ii,9
1801_0_15901.zip,ii,9
1801_0_1657.zip,ii,9
1801_0_1716.zip,ii,9
1801_0_1722.zip,ii,9
1801_0_2587.zip,ii,9
1801_0_2893.zip,ii,9
1801_0_2952.zip,ii,9
1801_0_3079.zip,ii,9
1801_0_3082.zip,ii,9
1801_0_6777.zip,ii,9
1801_0_7060.zip,ii,9
1801_1_1507.zip,ii,9
1801_1_15517.zip,ii,9
1801_1_1560.zip,ii,9
1801_1_15901.zip,ii,9
1801_1_1657.zip,ii,9
1801_1_1716.zip,ii,9
1801_1_1722.zip,ii,9
1801_1_2587.zip,ii,9
1801_1_2952.zip,ii,9
1801_1_3079.zip,ii,9
1801_1_3082.zip,ii,9
1801_1_6777.zip,ii,9
1801_1_7060.zip,ii,9
1801_2_1507.zip,ii,9
1801_2_1560.zip,ii,9
1801_2_15901.zip,ii,9
1801_2_1716.zip,ii,9
1801_2_1722.zip,ii,9
1801_2_2952.zip,ii,9
1801_2_3079.zip,ii,9
1801_3_1560.zip,ii,9
1801_3_15901.zip,ii,9
1801_3_2952.zip,ii,9
1801_3_3079.zip,ii,9
1801_4_2952.zip,ii,9
1801_4_3079.zip,ii,9
1801_5_2952.zip,ii,9
1802_0_1507.zip,ii,9
1802_0_1554.zip,ii,9
1802_0_1560.zip,ii,9
1802_0_15901.zip,ii,9
1802_0_1657.zip,ii,9
1802_0_1716.zip,ii,9
1802_0_1722.zip,ii,9
1802_0_2587.zip,ii,9
1802_0_2893.zip,ii,9
1802_0_2952.zip,ii,9
1802_0_3079.zip,ii,9
1802_0_3082.zip,ii,9
1802_0_3140.zip,ii,9
1802_0_6777.zip,ii,9
1802_0_7060.zip,ii,9
1802_1_1507.zip,ii,9
1802_1_1554.zip,ii,9
1802_1_1560.zip,ii,9
1802_1_15901.zip,ii,9
1802_1_1657.zip,ii,9
1802_1_1716.zip,ii,9
1802_1_1722.zip,ii,9
1802_1_2587.zip,ii,9
1802_1_2952.zip,ii,9
1802_1_3079.zip,ii,9
1802_1_3082.zip,ii,9
1802_1_6777.zip,ii,9
1802_1_7060.zip,ii,9
1802_2_1507.zip,ii,9
1802_2_1554.zip,ii,9
1802_2_1560.zip,ii,9
1802_2_15901.zip,ii,9
1802_2_1716.zip,ii,9
1802_2_1722.zip,ii,9
1802_2_2952.zip,ii,9
1802_2_3079.zip,ii,9
1802_3_1554.zip,ii,9
1802_3_1560.zip,ii,9
1802_3_15901.zip,ii,9
1802_3_2952.zip,ii,9
1802_3_3079.zip,ii,9
1802_4_1554.zip,ii,9
1802_4_1560.zip,ii,9
1802_4_2952.zip,ii,9
1802_4_3079.zip,ii,9
1802_5_1554.zip,ii,9
1802_5_2952.zip,ii,9
1802_6_1554.zip,ii,9
1802_7_1554.zip,ii,9
1803_0_1507.zip,ii,9
1803_0_1554.zip,ii,9
1803_0_1560.zip,ii,9
1803_0_15901.zip,ii,9
1803_0_1657.zip,ii,9
1803_0_1661.zip,ii,9
1803_0_1716.zip,ii,9
1803_0_1722.zip,ii,9
1803_0_2473.zip,ii,9
1803_0_2587.zip,ii,9
1803_0_2893.zip,ii,9
1803_0_2952.zip,ii,9
1803_0_3079.zip,ii,9
1803_0_3082.zip,ii,9
1803_0_3137.zip,ii,9
1803_0_3140.zip,ii,9
1803_0_6777.zip,ii,9
1803_0_7060.zip,ii,9
1803_1_1507.zip,ii,9
1803_1_1554.zip,ii,9
1803_1_1560.zip,ii,9
1803_1_15901.zip,ii,9
1803_1_1661.zip,ii,9
1803_1_1716.zip,ii,9
1803_1_1722.zip,ii,9
1803_1_2587.zip,ii,9
1803_1_2952.zip,ii,9
1803_1_3079.zip,ii,9
1803_1_3082.zip,ii,9
1803_1_6777.zip,ii,9
1803_1_7060.zip,ii,9
1803_2_1507.zip,ii,9
1803_2_1554.zip,ii,9
1803_2_1560.zip,ii,9
1803_2_15901.zip,ii,9
1803_2_1661.zip,ii,9
1803_2_1716.zip,ii,9
1803_2_1722.zip,ii,9
1803_2_2952.zip,ii,9
1803_2_3079.zip,ii,9
1803_3_1507.zip,ii,9
1803_3_1554.zip,ii,9
1803_3_1560.zip,ii,9
1803_3_15901.zip,ii,9
1803_3_2952.zip,ii,9
1803_3_3079.zip,ii,9
1803_4_1554.zip,ii,9
1803_4_2952.zip,ii,9
1803_4_3079.zip,ii,9
1803_5_1554.zip,ii,9
1803_5_2952.zip,ii,9
1803_6_1554.zip,ii,9
1803_7_1554.zip,ii,9
1804_0_1507.zip,ii,9
1804_0_1554.zip,ii,9
1804_0_1560.zip,ii,9
1804_0_15901.zip,ii,9
1804_0_1657.zip,ii,9
1804_0_1661.zip,ii,9
1804_0_1715.zip,ii,9
1804_0_1722.zip,ii,9
1804_0_2248.zip,ii,9
1804_0_2893.zip,ii,9
1804_0_2952.zip,ii,9
1804_0_3079.zip,ii,9
1804_0_3082.zip,ii,9
1804_0_6777.zip,ii,9
1804_0_7060.zip,ii,9
1804_1_1507.zip,ii,9
1804_1_1554.zip,ii,9
1804_1_1560.zip,ii,9
1804_1_15901.zip,ii,9
1804_1_1657.zip,ii,9
1804_1_1661.zip,ii,9
1804_1_1715.zip,ii,9
1804_1_1722.zip,ii,9
1804_1_2248.zip,ii,9
1804_1_2952.zip,ii,9
1804_1_3079.zip,ii,9
1804_1_3082.zip,ii,9
1804_1_6777.zip,ii,9
1804_1_7060.zip,ii,9
1804_2_1507.zip,ii,9
1804_2_1554.zip,ii,9
1804_2_1560.zip,ii,9
1804_2_15901.zip,ii,9
1804_2_1715.zip,ii,9
1804_2_1722.zip,ii,9
1804_2_2248.zip,ii,9
1804_2_2952.zip,ii,9
1804_2_3079.zip,ii,9
1804_2_7060.zip,ii,9
1804_3_1507.zip,ii,9
1804_3_1554.zip,ii,9
1804_3_15901.zip,ii,9
1804_3_2952.zip,ii,9
1804_3_3079.zip,ii,9
1804_4_2952.zip,ii,9
1804_4_3079.zip,ii,9
1804_5_2952.zip,ii,9
1805_0_1507.zip,ii,9
1805_0_1554.zip,ii,9
1805_0_1560.zip,ii,9
1805_0_15901.zip,ii,9
1805_0_1657.zip,ii,9
1805_0_1661.zip,ii,9
1805_0_1714.zip,ii,9
1805_0_1715.zip,ii,9
1805_0_1722.zip,ii,9
1805_0_2248.zip,ii,9
1805_0_2893.zip,ii,9
1805_0_2952.zip,ii,9
1805_0_3059.zip,ii,9
1805_0_3079.zip,ii,9
1805_0_3082.zip,ii,9
1805_0_3140.zip,ii,9
1805_0_6777.zip,ii,9
1805_0_7060.zip,ii,9
1805_1_1507.zip,ii,9
1805_1_1554.zip,ii,9
1805_1_1560.zip,ii,9
1805_1_15901.zip,ii,9
1805_1_1661.zip,ii,9
1805_1_1714.zip,ii,9
1805_1_1715.zip,ii,9
1805_1_1722.zip,ii,9
1805_1_2248.zip,ii,9
1805_1_2952.zip,ii,9
1805_1_3059.zip,ii,9
1805_1_3079.zip,ii,9
1805_1_3082.zip,ii,9
1805_1_6777.zip,ii,9
1805_1_7060.zip,ii,9
1805_2_1507.zip,ii,9
1805_2_1554.zip,ii,9
1805_2_1560.zip,ii,9
1805_2_15901.zip,ii,9
1805_2_1715.zip,ii,9
1805_2_1722.zip,ii,9
1805_2_2952.zip,ii,9
1805_2_3079.zip,ii,9
1805_2_7060.zip,ii,9
1805_3_1554.zip,ii,9
1805_3_15901.zip,ii,9
1805_3_2952.zip,ii,9
1805_3_3079.zip,ii,9
1805_4_2952.zip,ii,9
1805_4_3079.zip,ii,9
1806_0_1507.zip,ii,9
1806_0_1554.zip,ii,9
1806_0_1560.zip,ii,9
1806_0_15901.zip,ii,9
1806_0_1657.zip,ii,9
1806_0_1661.zip,ii,9
1806_0_1666.zip,ii,9
1806_0_1714.zip,ii,9
1806_0_1715.zip,ii,9
1806_0_1722.zip,ii,9
1806_0_1763.zip,ii,9
1806_0_21760.zip,ii,9
1806_0_2473.zip,ii,9
1806_0_2893.zip,ii,9
1806_0_2952.zip,ii,9
1806_0_2954.zip,ii,9
1806_0_3059.zip,ii,9
1806_0_3079.zip,ii,9
1806_0_3082.zip,ii,9
1806_0_3140.zip,ii,9
1806_0_6777.zip,ii,9
1806_0_7060.zip,ii,9
1806_1_1507.zip,ii,9
1806_1_1554.zip,ii,9
1806_1_1560.zip,ii,9
1806_1_15901.zip,ii,9
1806_1_1661.zip,ii,9
1806_1_1714.zip,ii,9
1806_1_1715.zip,ii,9
1806_1_1722.zip,ii,9
1806_1_1763.zip,ii,9
1806_1_2952.zip,ii,9
1806_1_2954.zip,ii,9
1806_1_3079.zip,ii,9
1806_1_3082.zip,ii,9
1806_1_7060.zip,ii,9
1806_2_1507.zip,ii,9
1806_2_1554.zip,ii,9
1806_2_1560.zip,ii,9
1806_2_15901.zip,ii,9
1806_2_1661.zip,ii,9
1806_2_1715.zip,ii,9
1806_2_1722.zip,ii,9
1806_2_2952.zip,ii,9
1806_2_3079.zip,ii,9
1806_2_7060.zip,ii,9
1806_3_1554.zip,ii,9
1806_3_1661.zip,ii,9
1806_3_1722.zip,ii,9
1806_3_2952.zip,ii,9
1806_3_3079.zip,ii,9
1806_4_2952.zip,ii,9
1806_4_3079.zip,ii,9
1807_0_1507.zip,ii,9
1807_0_1554.zip,ii,9
1807_0_1560.zip,ii,9
1807_0_15901.zip,ii,9
1807_0_1596.zip,ii,9
1807_0_1657.zip,ii,9
1807_0_1666.zip,ii,9
1807_0_1714.zip,ii,9
1807_0_1715.zip,ii,9
1807_0_1722.zip,ii,9
1807_0_21760.zip,ii,9
1807_0_2893.zip,ii,9
1807_0_2952.zip,ii,9
1807_0_2954.zip,ii,9
1807_0_3052.zip,ii,9
1807_0_3079.zip,ii,9
1807_0_3082.zip,ii,9
1807_0_3140.zip,ii,9
1807_0_6777.zip,ii,9
1807_0_7060.zip,ii,9
1807_1_1507.zip,ii,9
1807_1_1554.zip,ii,9
1807_1_1560.zip,ii,9
1807_1_15901.zip,ii,9
1807_1_1596.zip,ii,9
1807_1_1666.zip,ii,9
1807_1_1714.zip,ii,9
1807_1_1715.zip,ii,9
1807_1_1722.zip,ii,9
1807_1_21760.zip,ii,9
1807_1_2952.zip,ii,9
1807_1_2954.zip,ii,9
1807_1_3079.zip,ii,9
1807_1_3082.zip,ii,9
1807_1_6777.zip,ii,9
1807_1_7060.zip,ii,9
1807_2_1507.zip,ii,9
1807_2_1554.zip,ii,9
1807_2_1560.zip,ii,9
1807_2_15901.zip,ii,9
1807_2_1666.zip,ii,9
1807_2_1715.zip,ii,9
1807_2_1722.zip,ii,9
1807_2_2952.zip,ii,9
1807_2_3079.zip,ii,9
1807_2_7060.zip,ii,9
1807_3_1554.zip,ii,9
1807_3_1722.zip,ii,9
1807_3_2952.zip,ii,9
1807_3_3079.zip,ii,9
1807_4_2952.zip,ii,9
1807_4_3079.zip,ii,9
1807_5_2952.zip,ii,9
1808_0_1507.zip,ii,9
1808_0_1554.zip,ii,9
1808_0_1560.zip,ii,9
1808_0_1586.zip,ii,9
1808_0_15901.zip,ii,9
1808_0_1596.zip,ii,9
1808_0_1657.zip,ii,9
1808_0_1666.zip,ii,9
1808_0_1714.zip,ii,9
1808_0_1715.zip,ii,9
1808_0_1722.zip,ii,9
1808_0_1759.zip,ii,9
1808_0_21760.zip,ii,9
1808_0_2893.zip,ii,9
1808_0_2952.zip,ii,9
1808_0_2954.zip,ii,9
1808_0_3052.zip,ii,9
1808_0_3079.zip,ii,9
1808_0_3082.zip,ii,9
1808_0_6777.zip,ii,9
1808_0_7060.zip,ii,9
1808_1_1507.zip,ii,9
1808_1_1554.zip,ii,9
1808_1_1560.zip,ii,9
1808_1_1586.zip,ii,9
1808_1_15901.zip,ii,9
1808_1_1596.zip,ii,9
1808_1_1666.zip,ii,9
1808_1_1714.zip,ii,9
1808_1_1715.zip,ii,9
1808_1_1722.zip,ii,9
1808_1_1759.zip,ii,9
1808_1_21760.zip,ii,9
1808_1_2952.zip,ii,9
1808_1_2954.zip,ii,9
1808_1_3052.zip,ii,9
1808_1_3079.zip,ii,9
1808_1_3082.zip,ii,9
1808_1_6777.zip,ii,9
1808_1_7060.zip,ii,9
1808_2_1507.zip,ii,9
1808_2_1554.zip,ii,9
1808_2_1560.zip,ii,9
1808_2_15901.zip,ii,9
1808_2_1666.zip,ii,9
1808_2_1715.zip,ii,9
1808_2_1722.zip,ii,9
1808_2_1759.zip,ii,9
1808_2_2952.zip,ii,9
1808_2_3079.zip,ii,9
1808_2_7060.zip,ii,9
1808_3_1554.zip,ii,9
1808_3_1722.zip,ii,9
1808_3_1759.zip,ii,9
1808_3_2952.zip,ii,9
1808_3_3079.zip,ii,9
1808_3_7060.zip,ii,9
1808_4_1759.zip,ii,9
1808_4_2952.zip,ii,9
1808_4_3079.zip,ii,9
1808_5_1759.zip,ii,9
1808_6_1759.zip,ii,9
1809_0_1507.zip,ii,9
1809_0_1554.zip,ii,9
1809_0_1560.zip,ii,9
1809_0_1586.zip,ii,9
1809_0_15901.zip,ii,9
1809_0_1596.zip,ii,9
1809_0_1657.zip,ii,9
1809_0_1666.zip,ii,9
1809_0_1714.zip,ii,9
1809_0_1715.zip,ii,9
1809_0_1722.zip,ii,9
1809_0_1759.zip,ii,9
1809_0_21760.zip,ii,9
1809_0_2893.zip,ii,9
1809_0_2952.zip,ii,9
1809_0_2954.zip,ii,9
1809_0_2981.zip,ii,9
1809_0_3052.zip,ii,9
1809_0_3079.zip,ii,9
1809_0_3082.zip,ii,9
1809_0_3139.zip,ii,9
1809_0_6777.zip,ii,9
1809_0_7060.zip,ii,9
1809_1_1507.zip,ii,9
1809_1_1554.zip,ii,9
1809_1_1560.zip,ii,9
1809_1_1586.zip,ii,9
1809_1_15901.zip,ii,9
1809_1_1596.zip,ii,9
1809_1_1666.zip,ii,9
1809_1_1714.zip,ii,9
1809_1_1715.zip,ii,9
1809_1_1722.zip,ii,9
1809_1_1759.zip,ii,9
1809_1_21760.zip,ii,9
1809_1_2952.zip,ii,9
1809_1_2954.zip,ii,9
1809_1_2981.zip,ii,9
1809_1_3052.zip,ii,9
1809_1_3079.zip,ii,9
1809_1_3082.zip,ii,9
1809_1_3139.zip,ii,9
1809_1_6777.zip,ii,9
1809_1_7060.zip,ii,9
1809_2_1507.zip,ii,9
1809_2_1554.zip,ii,9
1809_2_1560.zip,ii,9
1809_2_1586.zip,ii,9
1809_2_15901.zip,ii,9
1809_2_1666.zip,ii,9
1809_2_1714.zip,ii,9
1809_2_1715.zip,ii,9
1809_2_1722.zip,ii,9
1809_2_1759.zip,ii,9
1809_2_2952.zip,ii,9
1809_2_3079.zip,ii,9
1809_2_7060.zip,ii,9
1809_3_1554.zip,ii,9
1809_3_1759.zip,ii,9
1809_3_2952.zip,ii,9
1809_3_3079.zip,ii,9
1809_4_1759.zip,ii,9
1809_4_2952.zip,ii,9
1809_4_3079.zip,ii,9
1809_5_1759.zip,ii,9
1809_5_2952.zip,ii,9
1809_6_1759.zip,ii,9
1809_7_1759.zip,ii,9
1810_0_1507.zip,ii,9
1810_0_1554.zip,ii,9
1810_0_1560.zip,ii,9
1810_0_1586.zip,ii,9
1810_0_15901.zip,ii,9
1810_0_1657.zip,ii,9
1810_0_1666.zip,ii,9
1810_0_1714.zip,ii,9
1810_0_1715.zip,ii,9
1810_0_1722.zip,ii,9
1810_0_1759.zip,ii,9
1810_0_21760.zip,ii,9
1810_0_2893.zip,ii,9
1810_0_2952.zip,ii,9
1810_0_2954.zip,ii,9
1810_0_3052.zip,ii,9
1810_0_3079.zip,ii,9
1810_0_3082.zip,ii,9
1810_0_3139.zip,ii,9
1810_0_6777.zip,ii,9
1810_0_7060.zip,ii,9
1810_1_1507.zip,ii,9
1810_1_1554.zip,ii,9
1810_1_1560.zip,ii,9
1810_1_1586.zip,ii,9
1810_1_15901.zip,ii,9
1810_1_1666.zip,ii,9
1810_1_1714.zip,ii,9
1810_1_1715.zip,ii,9
1810_1_1722.zip,ii,9
1810_1_1759.zip,ii,9
1810_1_2952.zip,ii,9
1810_1_2954.zip,ii,9
1810_1_3052.zip,ii,9
1810_1_3079.zip,ii,9
1810_1_3082.zip,ii,9
1810_1_6777.zip,ii,9
1810_1_7060.zip,ii,9
1810_2_1507.zip,ii,9
1810_2_1554.zip,ii,9
1810_2_1560.zip,ii,9
1810_2_1586.zip,ii,9
1810_2_15901.zip,ii,9
1810_2_1714.zip,ii,9
1810_2_1715.zip,ii,9
1810_2_1722.zip,ii,9
1810_2_1759.zip,ii,9
1810_2_2952.zip,ii,9
1810_2_3079.zip,ii,9
1810_3_1554.zip,ii,9
1810_3_1714.zip,ii,9
1810_3_1759.zip,ii,9
1810_3_2952.zip,ii,9
1810_3_3079.zip,ii,9
1810_4_1759.zip,ii,9
1810_4_2952.zip,ii,9
1810_4_3079.zip,ii,9
1810_5_1759.zip,ii,9
1810_6_1759.zip,ii,9
1810_7_1759.zip,ii,9
1811_0_13414.zip,ii,9
1811_0_1507.zip,ii,9
1811_0_1554.zip,ii,9
1811_0_1560.zip,ii,9
1811_0_1586.zip,ii,9
1811_0_15901.zip,ii,9
1811_0_1657.zip,ii,9
1811_0_1666.zip,ii,9
1811_0_1714.zip,ii,9
1811_0_1715.zip,ii,9
1811_0_1722.zip,ii,9
1811_0_1759.zip,ii,9
1811_0_2893.zip,ii,9
1811_0_2952.zip,ii,9
1811_0_2954.zip,ii,9
1811_0_3052.zip,ii,9
1811_0_3054.zip,ii,9
1811_0_3079.zip,ii,9
1811_0_3082.zip,ii,9
1811_0_3140.zip,ii,9
1811_0_6777.zip,ii,9
1811_0_7060.zip,ii,9
1811_1_13414.zip,ii,9
1811_1_1507.zip,ii,9
1811_1_1554.zip,ii,9
1811_1_1560.zip,ii,9
1811_1_1586.zip,ii,9
1811_1_15901.zip,ii,9
1811_1_1666.zip,ii,9
1811_1_1714.zip,ii,9
1811_1_1715.zip,ii,9
1811_1_1722.zip,ii,9
1811_1_1759.zip,ii,9
1811_1_2952.zip,ii,9
1811_1_2954.zip,ii,9
1811_1_3052.zip,ii,9
1811_1_3054.zip,ii,9
1811_1_3079.zip,ii,9
1811_1_3082.zip,ii,9
1811_1_6777.zip,ii,9
1811_1_7060.zip,ii,9
1811_2_1507.zip,ii,9
1811_2_1554.zip,ii,9
1811_2_1560.zip,ii,9
1811_2_1586.zip,ii,9
1811_2_15901.zip,ii,9
1811_2_1715.zip,ii,9
1811_2_1722.zip,ii,9
1811_2_1759.zip,ii,9
1811_2_2952.zip,ii,9
1811_2_3079.zip,ii,9
1811_3_1507.zip,ii,9
1811_3_1554.zip,ii,9
1811_3_1759.zip,ii,9
1811_3_2952.zip,ii,9
1811_3_3079.zip,ii,9
1811_4_1759.zip,ii,9
1811_4_2952.zip,ii,9
1811_4_3079.zip,ii,9
1811_5_1759.zip,ii,9
1811_5_2952.zip,ii,9
1811_6_1759.zip,ii,9
1811_7_1759.zip,ii,9
1812_0_13414.zip,ii,9
1812_0_1507.zip,ii,9
1812_0_1554.zip,ii,9
1812_0_1560.zip,ii,9
1812_0_1586.zip,ii,9
1812_0_15901.zip,ii,9
1812_0_1657.zip,ii,9
1812_0_1666.zip,ii,9
1812_0_1714.zip,ii,9
1812_0_1715.zip,ii,9
1812_0_1722.zip,ii,9
1812_0_1759.zip,ii,9
1812_0_2473.zip,ii,9
1812_0_2893.zip,ii,9
1812_0_2952.zip,ii,9
1812_0_2954.zip,ii,9
1812_0_3052.zip,ii,9
1812_0_3054.zip,ii,9
1812_0_3058.zip,ii,9
1812_0_3079.zip,ii,9
1812_0_3082.zip,ii,9
1812_0_3140.zip,ii,9
1812_0_6777.zip,ii,9
1812_1_13414.zip,ii,9
1812_1_1507.zip,ii,9
1812_1_1554.zip,ii,9
1812_1_1560.zip,ii,9
1812_1_1586.zip,ii,9
1812_1_15901.zip,ii,9
1812_1_1666.zip,ii,9
1812_1_1714.zip,ii,9
1812_1_1715.zip,ii,9
1812_1_1722.zip,ii,9
1812_1_1759.zip,ii,9
1812_1_2952.zip,ii,9
1812_1_2954.zip,ii,9
1812_1_3052.zip,ii,9
1812_1_3054.zip,ii,9
1812_1_3079.zip,ii,9
1812_1_3082.zip,ii,9
1812_1_6777.zip,ii,9
1812_2_1507.zip,ii,9
1812_2_1554.zip,ii,9
1812_2_1586.zip,ii,9
1812_2_15901.zip,ii,9
1812_2_1714.zip,ii,9
1812_2_1715.zip,ii,9
1812_2_1722.zip,ii,9
1812_2_1759.zip,ii,9
1812_2_2952.zip,ii,9
1812_2_3079.zip,ii,9
1812_3_1554.zip,ii,9
1812_3_1759.zip,ii,9
1812_3_2952.zip,ii,9
1812_3_3079.zip,ii,9
1812_4_1759.zip,ii,9
1812_4_2952.zip,ii,9
1812_4_3079.zip,ii,9
1812_5_1759.zip,ii,9
1812_5_2952.zip,ii,9
1812_6_1759.zip,ii,9
1813_0_13414.zip,ii,9
1813_0_13694.zip,ii,9
1813_0_1507.zip,ii,9
1813_0_1554.zip,ii,9
1813_0_1560.zip,ii,9
1813_0_1586.zip,ii,9
1813_0_15901.zip,ii,9
1813_0_1657.zip,ii,9
1813_0_1666.zip,ii,9
1813_0_1714.zip,ii,9
1813_0_1715.zip,ii,9
1813_0_1722.zip,ii,9
1813_0_1759.zip,ii,9
1813_0_2893.zip,ii,9
1813_0_2952.zip,ii,9
1813_0_2954.zip,ii,9
1813_0_3052.zip,ii,9
1813_0_3054.zip,ii,9
1813_0_3058.zip,ii,9
1813_0_3079.zip,ii,9
1813_0_3082.zip,ii,9
1813_0_6777.zip,ii,9
1813_1_13694.zip,ii,9
1813_1_1507.zip,ii,9
1813_1_1554.zip,ii,9
1813_1_1560.zip,ii,9
1813_1_1586.zip,ii,9
1813_1_15901.zip,ii,9
1813_1_1666.zip,ii,9
1813_1_1714.zip,ii,9
1813_1_1715.zip,ii,9
1813_1_1722.zip,ii,9
1813_1_1759.zip,ii,9
1813_1_2952.zip,ii,9
1813_1_2954.zip,ii,9
1813_1_3052.zip,ii,9
1813_1_3054.zip,ii,9
1813_1_3058.zip,ii,9
1813_1_3079.zip,ii,9
1813_1_3082.zip,ii,9
1813_1_6777.zip,ii,9
1813_2_13694.zip,ii,9
1813_2_1507.zip,ii,9
1813_2_1554.zip,ii,9
1813_2_1586.zip,ii,9
1813_2_15901.zip,ii,9
1813_2_1715.zip,ii,9
1813_2_1722.zip,ii,9
1813_2_1759.zip,ii,9
1813_2_2952.zip,ii,9
1813_2_3079.zip,ii,9
1813_3_1759.zip,ii,9
1813_3_2952.zip,ii,9
1813_3_3079.zip,ii,9
1813_4_1759.zip,ii,9
1813_4_2952.zip,ii,9
1813_4_3079.zip,ii,9
1813_5_1759.zip,ii,9
1813_5_2952.zip,ii,9
1813_6_1759.zip,ii,9
1813_7_1759.zip,ii,9
1814_0_13414.zip,ii,9
1814_0_1507.zip,ii,9
1814_0_1554.zip,ii,9
1814_0_1560.zip,ii,9
1814_0_1586.zip,ii,9
1814_0_15901.zip,ii,9
1814_0_1657.zip,ii,9
1814_0_1666.zip,ii,9
1814_0_1714.zip,ii,9
1814_0_1715.zip,ii,9
1814_0_1722.zip,ii,9
1814_0_1759.zip,ii,9
1814_0_2473.zip,ii,9
1814_0_2525.zip,ii,9
1814_0_2893.zip,ii,9
1814_0_2952.zip,ii,9
1814_0_2954.zip,ii,9
1814_0_3052.zip,ii,9
1814_0_3054.zip,ii,9
1814_0_3058.zip,ii,9
1814_0_3079.zip,ii,9
1814_0_3082.zip,ii,9
1814_0_3084.zip,ii,9
1814_0_3140.zip,ii,9
1814_0_6777.zip,ii,9
1814_1_1507.zip,ii,9
1814_1_1554.zip,ii,9
1814_1_1560.zip,ii,9
1814_1_1586.zip,ii,9
1814_1_15901.zip,ii,9
1814_1_1666.zip,ii,9
1814_1_1714.zip,ii,9
1814_1_1715.zip,ii,9
1814_1_1722.zip,ii,9
1814_1_1759.zip,ii,9
1814_1_2952.zip,ii,9
1814_1_2954.zip,ii,9
1814_1_3052.zip,ii,9
1814_1_3054.zip,ii,9
1814_1_3058.zip,ii,9
1814_1_3079.zip,ii,9
1814_1_3082.zip,ii,9
1814_1_3084.zip,ii,9
1814_1_6777.zip,ii,9
1814_2_1554.zip,ii,9
1814_2_1586.zip,ii,9
1814_2_15901.zip,ii,9
1814_2_1714.zip,ii,9
1814_2_1715.zip,ii,9
1814_2_1722.zip,ii,9
1814_2_1759.zip,ii,9
1814_2_2952.zip,ii,9
1814_2_3079.zip,ii,9
1814_2_3084.zip,ii,9
1814_3_1722.zip,ii,9
1814_3_1759.zip,ii,9
1814_3_2952.zip,ii,9
1814_3_3079.zip,ii,9
1814_3_3084.zip,ii,9
1814_4_1759.zip,ii,9
1814_4_2952.zip,ii,9
1814_4_3079.zip,ii,9
1814_5_1759.zip,ii,9
1814_5_2952.zip,ii,9
1814_6_1759.zip,ii,9
1815_0_13414.zip,ii,9
1815_0_1507.zip,ii,9
1815_0_1554.zip,ii,9
1815_0_1560.zip,ii,9
1815_0_1584.zip,ii,9
1815_0_15901.zip,ii,9
1815_0_1657.zip,ii,9
1815_0_1666.zip,ii,9
1815_0_1714.zip,ii,9
1815_0_1715.zip,ii,9
1815_0_1722.zip,ii,9
1815_0_1759.zip,ii,9
1815_0_2525.zip,ii,9
1815_0_2893.zip,ii,9
1815_0_2952.zip,ii,9
1815_0_2954.zip,ii,9
1815_0_3054.zip,ii,9
1815_0_3058.zip,ii,9
1815_0_3079.zip,ii,9
1815_0_3082.zip,ii,9
1815_0_3083.zip,ii,9
1815_0_3084.zip,ii,9
1815_0_6777.zip,ii,9
1815_1_1507.zip,ii,9
1815_1_1554.zip,ii,9
1815_1_1560.zip,ii,9
1815_1_1584.zip,ii,9
1815_1_15901.zip,ii,9
1815_1_1666.zip,ii,9
1815_1_1714.zip,ii,9
1815_1_1715.zip,ii,9
1815_1_1722.zip,ii,9
1815_1_1759.zip,ii,9
1815_1_2952.zip,ii,9
1815_1_2954.zip,ii,9
1815_1_3054.zip,ii,9
1815_1_3058.zip,ii,9
1815_1_3079.zip,ii,9
1815_1_3082.zip,ii,9
1815_1_3083.zip,ii,9
1815_1_3084.zip,ii,9
1815_2_1507.zip,ii,9
1815_2_1554.zip,ii,9
1815_2_15901.zip,ii,9
1815_2_1714.zip,ii,9
1815_2_1715.zip,ii,9
1815_2_1722.zip,ii,9
1815_2_1759.zip,ii,9
1815_2_2952.zip,ii,9
1815_2_2954.zip,ii,9
1815_2_3079.zip,ii,9
1815_2_3083.zip,ii,9
1815_2_3084.zip,ii,9
1815_3_1715.zip,ii,9
1815_3_1722.zip,ii,9
1815_3_1759.zip,ii,9
1815_3_2952.zip,ii,9
1815_3_3079.zip,ii,9
1815_3_3083.zip,ii,9
1815_3_3084.zip,ii,9
1815_4_1759.zip,ii,9
1815_4_2952.zip,ii,9
1815_4_3079.zip,ii,9
1815_4_3084.zip,ii,9
1815_5_1759.zip,ii,9
1815_5_2952.zip,ii,9
1815_6_1759.zip,ii,9
1815_7_1759.zip,ii,9
1816_0_13414.zip,ii,9
1816_0_1507.zip,ii,9
1816_0_1554.zip,ii,9
1816_0_1560.zip,ii,9
1816_0_1584.zip,ii,9
1816_0_15901.zip,ii,9
1816_0_1657.zip,ii,9
1816_0_1666.zip,ii,9
1816_0_1714.zip,ii,9
1816_0_1715.zip,ii,9
1816_0_1722.zip,ii,9
1816_0_1759.zip,ii,9
1816_0_2893.zip,ii,9
1816_0_2952.zip,ii,9
1816_0_2954.zip,ii,9
1816_0_3054.zip,ii,9
1816_0_3058.zip,ii,9
1816_0_3079.zip,ii,9
1816_0_3082.zip,ii,9
1816_0_3083.zip,ii,9
1816_0_3084.zip,ii,9
1816_1_13414.zip,ii,9
1816_1_1507.zip,ii,9
1816_1_1554.zip,ii,9
1816_1_1560.zip,ii,9
1816_1_1584.zip,ii,9
1816_1_15901.zip,ii,9
1816_1_1666.zip,ii,9
1816_1_1714.zip,ii,9
1816_1_1715.zip,ii,9
1816_1_1722.zip,ii,9
1816_1_1759.zip,ii,9
1816_1_2952.zip,ii,9
1816_1_2954.zip,ii,9
1816_1_3058.zip,ii,9
1816_1_3079.zip,ii,9
1816_1_3082.zip,ii,9
1816_1_3083.zip,ii,9
1816_1_3084.zip,ii,9
1816_2_1554.zip,ii,9
1816_2_15901.zip,ii,9
1816_2_1715.zip,ii,9
1816_2_1722.zip,ii,9
1816_2_1759.zip,ii,9
1816_2_2952.zip,ii,9
1816_2_2954.zip,ii,9
1816_2_3079.zip,ii,9
1816_2_3083.zip,ii,9
1816_2_3084.zip,ii,9
1816_3_1722.zip,ii,9
1816_3_1759.zip,ii,9
1816_3_2952.zip,ii,9
1816_3_3079.zip,ii,9
1816_3_3083.zip,ii,9
1816_3_3084.zip,ii,9
1816_4_1759.zip,ii,9
1816_4_2952.zip,ii,9
1816_4_3079.zip,ii,9
1816_4_3084.zip,ii,9
1816_5_1759.zip,ii,9
1816_5_2952.zip,ii,9
1816_6_1759.zip,ii,9
1817_0_13414.zip,ii,9
1817_0_1507.zip,ii,9
1817_0_15378.zip,ii,9
1817_0_1554.zip,ii,9
1817_0_1560.zip,ii,9
1817_0_1588.zip,ii,9
1817_0_15901.zip,ii,9
1817_0_1593.zip,ii,9
1817_0_1657.zip,ii,9
1817_0_1666.zip,ii,9
1817_0_1714.zip,ii,9
1817_0_1715.zip,ii,9
1817_0_1722.zip,ii,9
1817_0_1759.zip,ii,9
1817_0_17729.zip,ii,9
1817_0_2473.zip,ii,9
1817_0_2893.zip,ii,9
1817_0_2952.zip,ii,9
1817_0_2954.zip,ii,9
1817_0_3058.zip,ii,9
1817_0_3079.zip,ii,9
1817_0_3082.zip,ii,9
1817_0_3083.zip,ii,9
1817_0_3084.zip,ii,9
1817_1_13414.zip,ii,9
1817_1_1507.zip,ii,9
1817_1_15378.zip,ii,9
1817_1_1554.zip,ii,9
1817_1_1588.zip,ii,9
1817_1_15901.zip,ii,9
1817_1_1666.zip,ii,9
1817_1_1714.zip,ii,9
1817_1_1715.zip,ii,9
1817_1_1722.zip,ii,9
1817_1_1759.zip,ii,9
1817_1_17729.zip,ii,9
1817_1_2952.zip,ii,9
1817_1_2954.zip,ii,9
1817_1_3058.zip,ii,9
1817_1_3079.zip,ii,9
1817_1_3082.zip,ii,9
1817_1_3083.zip,ii,9
1817_1_3084.zip,ii,9
1817_2_1507.zip,ii,9
1817_2_15378.zip,ii,9
1817_2_15901.zip,ii,9
1817_2_1715.zip,ii,9
1817_2_1722.zip,ii,9
1817_2_1759.zip,ii,9
1817_2_2952.zip,ii,9
1817_2_3079.zip,ii,9
1817_2_3083.zip,ii,9
1817_2_3084.zip,ii,9
1817_3_15378.zip,ii,9
1817_3_1715.zip,ii,9
1817_3_1722.zip,ii,9
1817_3_1759.zip,ii,9
1817_3_2952.zip,ii,9
1817_3_3079.zip,ii,9
1817_3_3084.zip,ii,9
1817_4_15378.zip,ii,9
1817_4_1759.zip,ii,9
1817_4_2952.zip,ii,9
1817_4_3079.zip,ii,9
1817_4_3084.zip,ii,9
1817_5_1759.zip,ii,9
1817_5_2952.zip,ii,9
1817_6_1759.zip,ii,9
1817_7_1759.zip,ii,9
1818_0_13414.zip,ii,9
1818_0_1507.zip,ii,9
1818_0_15378.zip,ii,9
1818_0_1554.zip,ii,9
1818_0_1588.zip,ii,9
1818_0_15901.zip,ii,9
1818_0_1593.zip,ii,9
1818_0_1657.zip,ii,9
1818_0_1662.zip,ii,9
1818_0_1666.zip,ii,9
1818_0_1714.zip,ii,9
1818_0_1715.zip,ii,9
1818_0_1722.zip,ii,9
1818_0_1759.zip,ii,9
1818_0_17729.zip,ii,9
1818_0_2725.zip,ii,9
1818_0_2893.zip,ii,9
1818_0_2952.zip,ii,9
1818_0_2954.zip,ii,9
1818_0_3058.zip,ii,9
1818_0_3079.zip,ii,9
1818_0_3082.zip,ii,9
1818_0_3083.zip,ii,9
1818_0_3084.zip,ii,9
1818_1_13414.zip,ii,9
1818_1_1507.zip,ii,9
1818_1_15378.zip,ii,9
1818_1_1554.zip,ii,9
1818_1_1588.zip,ii,9
1818_1_15901.zip,ii,9
1818_1_1662.zip,ii,9
1818_1_1666.zip,ii,9
1818_1_1714.zip,ii,9
1818_1_1715.zip,ii,9
1818_1_1722.zip,ii,9
1818_1_1759.zip,ii,9
1818_1_17729.zip,ii,9
1818_1_2952.zip,ii,9
1818_1_2954.zip,ii,9
1818_1_3058.zip,ii,9
1818_1_3079.zip,ii,9
1818_1_3082.zip,ii,9
1818_1_3083.zip,ii,9
1818_1_3084.zip,ii,9
1818_2_1507.zip,ii,9
1818_2_15378.zip,ii,9
1818_2_1588.zip,ii,9
1818_2_15901.zip,ii,9
1818_2_1662.zip,ii,9
1818_2_1715.zip,ii,9
1818_2_1722.zip,ii,9
1818_2_1759.zip,ii,9
1818_2_17729.zip,ii,9
1818_2_2952.zip,ii,9
1818_2_2954.zip,ii,9
1818_2_3079.zip,ii,9
1818_2_3084.zip,ii,9
1818_3_15378.zip,ii,9
1818_3_1662.zip,ii,9
1818_3_1715.zip,ii,9
1818_3_1759.zip,ii,9
1818_3_2952.zip,ii,9
1818_3_3079.zip,ii,9
1818_3_3084.zip,ii,9
1818_4_15378.zip,ii,9
1818_4_1662.zip,ii,9
1818_4_1759.zip,ii,9
1818_4_2952.zip,ii,9
1818_4_3079.zip,ii,9
1818_4_3084.zip,ii,9
1818_5_1662.zip,ii,9
1818_5_1759.zip,ii,9
1818_5_2952.zip,ii,9
1818_6_1662.zip,ii,9
1818_6_1759.zip,ii,9
1818_7_1662.zip,ii,9
1819_0_13414.zip,ii,9
1819_0_1507.zip,ii,9
1819_0_15378.zip,ii,9
1819_0_1553.zip,ii,9
1819_0_1554.zip,ii,9
1819_0_1588.zip,ii,9
1819_0_15901.zip,ii,9
1819_0_15902.zip,ii,9
1819_0_1593.zip,ii,9
1819_0_1657.zip,ii,9
1819_0_1662.zip,ii,9
1819_0_1666.zip,ii,9
1819_0_1714.zip,ii,9
1819_0_1715.zip,ii,9
1819_0_1722.zip,ii,9
1819_0_1759.zip,ii,9
1819_0_17729.zip,ii,9
1819_0_2577.zip,ii,9
1819_0_2797.zip,ii,9
1819_0_2893.zip,ii,9
1819_0_2952.zip,ii,9
1819_0_2954.zip,ii,9
1819_0_3051.zip,ii,9
1819_0_3058.zip,ii,9
1819_0_3079.zip,ii,9
1819_0_3082.zip,ii,9
1819_0_3083.zip,ii,9
1819_0_3084.zip,ii,9
1819_1_13414.zip,ii,9
1819_1_15378.zip,ii,9
1819_1_1553.zip,ii,9
1819_1_1554.zip,ii,9
1819_1_1588.zip,ii,9
1819_1_15901.zip,ii,9
1819_1_15902.zip,ii,9
1819_1_1593.zip,ii,9
1819_1_1662.zip,ii,9
1819_1_1714.zip,ii,9
1819_1_1715.zip,ii,9
1819_1_1722.zip,ii,9
1819_1_1759.zip,ii,9
1819_1_17729.zip,ii,9
1819_1_2797.zip,ii,9
1819_1_2952.zip,ii,9
1819_1_2954.zip,ii,9
1819_1_3058.zip,ii,9
1819_1_3079.zip,ii,9
1819_1_3082.zip,ii,9
1819_1_3083.zip,ii,9
1819_1_3084.zip,ii,9
1819_2_15378.zip,ii,9
1819_2_1588.zip,ii,9
1819_2_15901.zip,ii,9
1819_2_15902.zip,ii,9
1819_2_1662.zip,ii,9
1819_2_1715.zip,ii,9
1819_2_1722.zip,ii,9
1819_2_1759.zip,ii,9
1819_2_17729.zip,ii,9
1819_2_2797.zip,ii,9
1819_2_2952.zip,ii,9
1819_2_3079.zip,ii,9
1819_2_3084.zip,ii,9
1819_3_15378.zip,ii,9
1819_3_15902.zip,ii,9
1819_3_1715.zip,ii,9
1819_3_1722.zip,ii,9
1819_3_1759.zip,ii,9
1819_3_2797.zip,ii,9
1819_3_2952.zip,ii,9
1819_3_3079.zip,ii,9
1819_3_3084.zip,ii,9
1819_4_15378.zip,ii,9
1819_4_15902.zip,ii,9
1819_4_1759.zip,ii,9
1819_4_2797.zip,ii,9
1819_4_2952.zip,ii,9
1819_4_3079.zip,ii,9
1819_4_3084.zip,ii,9
1819_5_1759.zip,ii,9
1819_5_2797.zip,ii,9
1819_6_1759.zip,ii,9
1819_6_2797.zip,ii,9
1820_0_13414.zip,ii,9
1820_0_15378.zip,ii,9
1820_0_1553.zip,ii,9
1820_0_1554.zip,ii,9
1820_0_1588.zip,ii,9
1820_0_15901.zip,ii,9
1820_0_15902.zip,ii,9
1820_0_1593.zip,ii,9
1820_0_16021.zip,ii,9
1820_0_1657.zip,ii,9
1820_0_1714.zip,ii,9
1820_0_1715.zip,ii,9
1820_0_1722.zip,ii,9
1820_0_1759.zip,ii,9
1820_0_17729.zip,ii,9
1820_0_2725.zip,ii,9
1820_0_2893.zip,ii,9
1820_0_2952.zip,ii,9
1820_0_2954.zip,ii,9
1820_0_3051.zip,ii,9
1820_0_3058.zip,ii,9
1820_0_3079.zip,ii,9
1820_0_3082.zip,ii,9
1820_0_3084.zip,ii,9
1820_1_13414.zip,ii,9
1820_1_15378.zip,ii,9
1820_1_1553.zip,ii,9
1820_1_1554.zip,ii,9
1820_1_1588.zip,ii,9
1820_1_15901.zip,ii,9
1820_1_15902.zip,ii,9
1820_1_1593.zip,ii,9
1820_1_16021.zip,ii,9
1820_1_1657.zip,ii,9
1820_1_1714.zip,ii,9
1820_1_1715.zip,ii,9
1820_1_1722.zip,ii,9
1820_1_1759.zip,ii,9
1820_1_17729.zip,ii,9
1820_1_2952.zip,ii,9
1820_1_2954.zip,ii,9
1820_1_3051.zip,ii,9
1820_1_3058.zip,ii,9
1820_1_3079.zip,ii,9
1820_1_3082.zip,ii,9
1820_1_3084.zip,ii,9
1820_2_15378.zip,ii,9
1820_2_1554.zip,ii,9
1820_2_1588.zip,ii,9
1820_2_15901.zip,ii,9
1820_2_15902.zip,ii,9
1820_2_16021.zip,ii,9
1820_2_1715.zip,ii,9
1820_2_1722.zip,ii,9
1820_2_1759.zip,ii,9
1820_2_2952.zip,ii,9
1820_2_2954.zip,ii,9
1820_2_3051.zip,ii,9
1820_2_3079.zip,ii,9
1820_2_3084.zip,ii,9
1820_3_15378.zip,ii,9
1820_3_1588.zip,ii,9
1820_3_15902.zip,ii,9
1820_3_16021.zip,ii,9
1820_3_1715.zip,ii,9
1820_3_1759.zip,ii,9
1820_3_2952.zip,ii,9
1820_3_3051.zip,ii,9
1820_3_3079.zip,ii,9
1820_3_3084.zip,ii,9
1820_4_15378.zip,ii,9
1820_4_15902.zip,ii,9
1820_4_1759.zip,ii,9
1820_4_2952.zip,ii,9
1820_4_3051.zip,ii,9
1820_4_3079.zip,ii,9
1820_4_3084.zip,ii,9
1820_5_15902.zip,ii,9
1820_5_1759.zip,ii,9
1820_5_3084.zip,ii,9
1820_6_15902.zip,ii,9
1820_6_1759.zip,ii,9
1820_7_1759.zip,ii,9
1821_0_13414.zip,ii,1
1821_0_15378.zip,ii,1
1821_0_1553.zip,ii,1
1821_0_1554.zip,ii,1
1821_0_1588.zip,ii,1
1821_0_15901.zip,ii,1
1821_0_15902.zip,ii,1
1821_0_1593.zip,ii,1
1821_0_16021.zip,ii,1
1821_0_1657.zip,ii,1
1821_0_1667.zip,ii,1
1821_0_1714.zip,ii,1
1821_0_1715.zip,ii,1
1821_0_1722.zip,ii,1
1821_0_1759.zip,ii,1
1821_0_17729.zip,ii,1
1821_0_2384.zip,ii,1
1821_0_2473.zip,ii,1
1821_0_2725.zip,ii,1
1821_0_2771.zip,ii,1
1821_0_2797.zip,ii,1
1821_0_2893.zip,ii,1
1821_0_2952.zip,ii,1
1821_0_2954.zip,ii,1
1821_0_3079.zip,ii,1
1821_0_3082.zip,ii,1
1821_0_3084.zip,ii,1
1821_1_13414.zip,ii,1
1821_1_15378.zip,ii,1
1821_1_1554.zip,ii,1
1821_1_1588.zip,ii,1
1821_1_15901.zip,ii,1
1821_1_15902.zip,ii,1
1821_1_1593.zip,ii,1
1821_1_16021.zip,ii,1
1821_1_1657.zip,ii,1
1821_1_1714.zip,ii,1
1821_1_1715.zip,ii,1
1821_1_1722.zip,ii,1
1821_1_1759.zip,ii,1
1821_1_17729.zip,ii,1
1821_1_2797.zip,ii,1
1821_1_2952.zip,ii,1
1821_1_2954.zip,ii,1
1821_1_3079.zip,ii,1
1821_1_3082.zip,ii,1
1821_1_3084.zip,ii,1
1821_2_15378.zip,ii,1
1821_2_1554.zip,ii,1
1821_2_1588.zip,ii,1
1821_2_15901.zip,ii,1
1821_2_15902.zip,ii,1
1821_2_16021.zip,ii,1
1821_2_1714.zip,ii,1
1821_2_1715.zip,ii,1
1821_2_1722.zip,ii,1
1821_2_1759.zip,ii,1
1821_2_17729.zip,ii,1
1821_2_2797.zip,ii,1
1821_2_2952.zip,ii,1
1821_2_2954.zip,ii,1
1821_2_3079.zip,ii,1
1821_2_3084.zip,ii,1
1821_3_15378.zip,ii,1
1821_3_1588.zip,ii,1
1821_3_15902.zip,ii,1
1821_3_16021.zip,ii,1
1821_3_1715.zip,ii,1
1821_3_1759.zip,ii,1
1821_3_2797.zip,ii,1
1821_3_2952.zip,ii,1
1821_3_3079.zip,ii,1
1821_3_3084.zip,ii,1
1821_4_15378.zip,ii,1
1821_4_15902.zip,ii,1
1821_4_1759.zip,ii,1
1821_4_2797.zip,ii,1
1821_4_2952.zip,ii,1
1821_4_3079.zip,ii,1
1821_4_3084.zip,ii,1
1821_5_15902.zip,ii,1
1821_5_1759.zip,ii,1
1821_5_2797.zip,ii,1
1821_6_15902.zip,ii,1
1821_6_1759.zip,ii,1
1821_7_15902.zip,ii,1
1822_0_13414.zip,ii,1
1822_0_15378.zip,ii,1
1822_0_1553.zip,ii,1
1822_0_1554.zip,ii,1
1822_0_1588.zip,ii,1
1822_0_15901.zip,ii,1
1822_0_15902.zip,ii,1
1822_0_1593.zip,ii,1
1822_0_16021.zip,ii,1
1822_0_1657.zip,ii,1
1822_0_1667.zip,ii,1
1822_0_1714.zip,ii,1
1822_0_1715.zip,ii,1
1822_0_1722.zip,ii,1
1822_0_1759.zip,ii,1
1822_0_17729.zip,ii,1
1822_0_2384.zip,ii,1
1822_0_2680.zip,ii,1
1822_0_2725.zip,ii,1
1822_0_2771.zip,ii,1
1822_0_2797.zip,ii,1
1822_0_2893.zip,ii,1
1822_0_2952.zip,ii,1
1822_0_2954.zip,ii,1
1822_0_3051.zip,ii,1
1822_0_3079.zip,ii,1
1822_0_3082.zip,ii,1
1822_0_3084.zip,ii,1
1822_10_2797.zip,ii,1
1822_11_2797.zip,ii,1
1822_12_2797.zip,ii,1
1822_13_2797.zip,ii,1
1822_14_2797.zip,ii,1
1822_15_2797.zip,ii,1
1822_16_2797.zip,ii,1
1822_17_2797.zip,ii,1
1822_18_2797.zip,ii,1
1822_1_13414.zip,ii,1
1822_1_15378.zip,ii,1
1822_1_1553.zip,ii,1
1822_1_1554.zip,ii,1
1822_1_1588.zip,ii,1
1822_1_15901.zip,ii,1
1822_1_15902.zip,ii,1
1822_1_16021.zip,ii,1
1822_1_1657.zip,ii,1
1822_1_1667.zip,ii,1
1822_1_1714.zip,ii,1
1822_1_1715.zip,ii,1
1822_1_1722.zip,ii,1
1822_1_1759.zip,ii,1
1822_1_17729.zip,ii,1
1822_1_2384.zip,ii,1
1822_1_2797.zip,ii,1
1822_1_2952.zip,ii,1
1822_1_2954.zip,ii,1
1822_1_3051.zip,ii,1
1822_1_3079.zip,ii,1
1822_1_3082.zip,ii,1
1822_1_3084.zip,ii,1
1822_2_15378.zip,ii,1
1822_2_1554.zip,ii,1
1822_2_1588.zip,ii,1
1822_2_15901.zip,ii,1
1822_2_15902.zip,ii,1
1822_2_16021.zip,ii,1
1822_2_1714.zip,ii,1
1822_2_1715.zip,ii,1
1822_2_1722.zip,ii,1
1822_2_1759.zip,ii,1
1822_2_17729.zip,ii,1
1822_2_2797.zip,ii,1
1822_2_2952.zip,ii,1
1822_2_2954.zip,ii,1
1822_2_3051.zip,ii,1
1822_2_3079.zip,ii,1
1822_2_3084.zip,ii,1
1822_3_15378.zip,ii,1
1822_3_1588.zip,ii,1
1822_3_15902.zip,ii,1
1822_3_16021.zip,ii,1
1822_3_1715.zip,ii,1
1822_3_1759.zip,ii,1
1822_3_2797.zip,ii,1
1822_3_2952.zip,ii,1
1822_3_3051.zip,ii,1
1822_3_3079.zip,ii,1
1822_3_3084.zip,ii,1
1822_4_15902.zip,ii,1
1822_4_1715.zip,ii,1
1822_4_1759.zip,ii,1
1822_4_2797.zip,ii,1
1822_4_2952.zip,ii,1
1822_4_3079.zip,ii,1
1822_5_15902.zip,ii,1
1822_5_1759.zip,ii,1
1822_5_2797.zip,ii,1
1822_6_15902.zip,ii,1
1822_6_1759.zip,ii,1
1822_6_2797.zip,ii,1
1822_7_15902.zip,ii,1
1822_7_1759.zip,ii,1
1822_7_2797.zip,ii,1
1822_8_2797.zip,ii,1
1822_9_2797.zip,ii,1
1823_0_13414.zip,ii,1
1823_0_15378.zip,ii,1
1823_0_1553.zip,ii,1
1823_0_1554.zip,ii,1
1823_0_1588.zip,ii,1
1823_0_15901.zip,ii,1
1823_0_15902.zip,ii,1
1823_0_16021.zip,ii,1
1823_0_1655.zip,ii,1
1823_0_1657.zip,ii,1
1823_0_1659.zip,ii,1
1823_0_1714.zip,ii,1
1823_0_1715.zip,ii,1
1823_0_1722.zip,ii,1
1823_0_1759.zip,ii,1
1823_0_17729.zip,ii,1
1823_0_2384.zip,ii,1
1823_0_2680.zip,ii,1
1823_0_2725.zip,ii,1
1823_0_2771.zip,ii,1
1823_0_2797.zip,ii,1
1823_0_2893.zip,ii,1
1823_0_2952.zip,ii,1
1823_0_2954.zip,ii,1
1823_0_3051.zip,ii,1
1823_0_3079.zip,ii,1
1823_0_3082.zip,ii,1
1823_0_3084.zip,ii,1
1823_10_15902.zip,ii,1
1823_11_15902.zip,ii,1
1823_12_15902.zip,ii,1
1823_1_15378.zip,ii,1
1823_1_1553.zip,ii,1
1823_1_1554.zip,ii,1
1823_1_1588.zip,ii,1
1823_1_15901.zip,ii,1
1823_1_15902.zip,ii,1
1823_1_16021.zip,ii,1
1823_1_1657.zip,ii,1
1823_1_1659.zip,ii,1
1823_1_1714.zip,ii,1
1823_1_1715.zip,ii,1
1823_1_1722.zip,ii,1
1823_1_1759.zip,ii,1
1823_1_17729.zip,ii,1
1823_1_2384.zip,ii,1
1823_1_2797.zip,ii,1
1823_1_2952.zip,ii,1
1823_1_2954.zip,ii,1
1823_1_3051.zip,ii,1
1823_1_3079.zip,ii,1
1823_1_3082.zip,ii,1
1823_1_3084.zip,ii,1
1823_2_15378.zip,ii,1
1823_2_1554.zip,ii,1
1823_2_1588.zip,ii,1
1823_2_15901.zip,ii,1
1823_2_15902.zip,ii,1
1823_2_16021.zip,ii,1
1823_2_1714.zip,ii,1
1823_2_1715.zip,ii,1
1823_2_1722.zip,ii,1
1823_2_1759.zip,ii,1
1823_2_17729.zip,ii,1
1823_2_2797.zip,ii,1
1823_2_2952.zip,ii,1
1823_2_2954.zip,ii,1
1823_2_3051.zip,ii,1
1823_2_3079.zip,ii,1
1823_2_3084.zip,ii,1
1823_3_15378.zip,ii,1
1823_3_1554.zip,ii,1
1823_3_1588.zip,ii,1
1823_3_15902.zip,ii,1
1823_3_16021.zip,ii,1
1823_3_1715.zip,ii,1
1823_3_1759.zip,ii,1
1823_3_2797.zip,ii,1
1823_3_2952.zip,ii,1
1823_3_3051.zip,ii,1
1823_3_3079.zip,ii,1
1823_3_3084.zip,ii,1
1823_4_15378.zip,ii,1
1823_4_15902.zip,ii,1
1823_4_1715.zip,ii,1
1823_4_1759.zip,ii,1
1823_4_2797.zip,ii,1
1823_4_2952.zip,ii,1
1823_4_3079.zip,ii,1
1823_5_15902.zip,ii,1
1823_5_1759.zip,ii,1
1823_5_2797.zip,ii,1
1823_6_15902.zip,ii,1
1823_6_1759.zip,ii,1
1823_6_2797.zip,ii,1
1823_7_15902.zip,ii,1
1823_7_1759.zip,ii,1
1823_7_2797.zip,ii,1
1823_8_15902.zip,ii,1
1823_8_1759.zip,ii,1
1823_9_15902.zip,ii,1
1824_0_13414.zip,ii,1
1824_0_15378.zip,ii,1
1824_0_1553.zip,ii,1
1824_0_1554.zip,ii,1
1824_0_1588.zip,ii,1
1824_0_15901.zip,ii,1
1824_0_15902.zip,ii,1
1824_0_15903.zip,ii,1
1824_0_16021.zip,ii,1
1824_0_1655.zip,ii,1
1824_0_1657.zip,ii,1
1824_0_1714.zip,ii,1
1824_0_1715.zip,ii,1
1824_0_1722.zip,ii,1
1824_0_1759.zip,ii,1
1824_0_17729.zip,ii,1
1824_0_2287.zip,ii,1
1824_0_2384.zip,ii,1
1824_0_2473.zip,ii,1
1824_0_2680.zip,ii,1
1824_0_2725.zip,ii,1
1824_0_2771.zip,ii,1
1824_0_2893.zip,ii,1
1824_0_2952.zip,ii,1
1824_0_2954.zip,ii,1
1824_0_3051.zip,ii,1
1824_0_3079.zip,ii,1
1824_0_3082.zip,ii,1
1824_0_3084.zip,ii,1
1824_0_3135.zip,ii,1
1824_10_15902.zip,ii,1
1824_11_15902.zip,ii,1
1824_12_15902.zip,ii,1
1824_1_13414.zip,ii,1
1824_1_15378.zip,ii,1
1824_1_1553.zip,ii,1
1824_1_1554.zip,ii,1
1824_1_15901.zip,ii,1
1824_1_15902.zip,ii,1
1824_1_15903.zip,ii,1
1824_1_16021.zip,ii,1
1824_1_1655.zip,ii,1
1824_1_1657.zip,ii,1
1824_1_1714.zip,ii,1
1824_1_1715.zip,ii,1
1824_1_1722.zip,ii,1
1824_1_1759.zip,ii,1
1824_1_17729.zip,ii,1
1824_1_2287.zip,ii,1
1824_1_2384.zip,ii,1
1824_1_2952.zip,ii,1
1824_1_2954.zip,ii,1
1824_1_3051.zip,ii,1
1824_1_3079.zip,ii,1
1824_1_3082.zip,ii,1
1824_1_3084.zip,ii,1
1824_1_3135.zip,ii,1
1824_2_15378.zip,ii,1
1824_2_1554.zip,ii,1
1824_2_15901.zip,ii,1
1824_2_15902.zip,ii,1
1824_2_15903.zip,ii,1
1824_2_16021.zip,ii,1
1824_2_1714.zip,ii,1
1824_2_1715.zip,ii,1
1824_2_1722.zip,ii,1
1824_2_1759.zip,ii,1
1824_2_17729.zip,ii,1
1824_2_2384.zip,ii,1
1824_2_2952.zip,ii,1
1824_2_3051.zip,ii,1
1824_2_3079.zip,ii,1
1824_2_3084.zip,ii,1
1824_2_3135.zip,ii,1
1824_3_15378.zip,ii,1
1824_3_1554.zip,ii,1
1824_3_15902.zip,ii,1
1824_3_16021.zip,ii,1
1824_3_1715.zip,ii,1
1824_3_1759.zip,ii,1
1824_3_2952.zip,ii,1
1824_3_3051.zip,ii,1
1824_3_3079.zip,ii,1
1824_3_3084.zip,ii,1
1824_4_15378.zip,ii,1
1824_4_1554.zip,ii,1
1824_4_15902.zip,ii,1
1824_4_1715.zip,ii,1
1824_4_1759.zip,ii,1
1824_4_2952.zip,ii,1
1824_4_3079.zip,ii,1
1824_5_15378.zip,ii,1
1824_5_15902.zip,ii,1
1824_5_1759.zip,ii,1
1824_6_15902.zip,ii,1
1824_6_1759.zip,ii,1
1824_7_15902.zip,ii,1
1824_7_1759.zip,ii,1
1824_8_15902.zip,ii,1
1824_8_1759.zip,ii,1
1824_9_15902.zip,ii,1
1825_0_13414.zip,ii,1
1825_0_15378.zip,ii,1
1825_0_15518.zip,ii,1
1825_0_1553.zip,ii,1
1825_0_1554.zip,ii,1
1825_0_15901.zip,ii,1
1825_0_15902.zip,ii,1
1825_0_15903.zip,ii,1
1825_0_16021.zip,ii,1
1825_0_1657.zip,ii,1
1825_0_1714.zip,ii,1
1825_0_1715.zip,ii,1
1825_0_1722.zip,ii,1
1825_0_1759.zip,ii,1
1825_0_17729.zip,ii,1
1825_0_2287.zip,ii,1
1825_0_2384.zip,ii,1
1825_0_2399.zip,ii,1
1825_0_2566.zip,ii,1
1825_0_2725.zip,ii,1
1825_0_2771.zip,ii,1
1825_0_2893.zip,ii,1
1825_0_2952.zip,ii,1
1825_0_2954.zip,ii,1
1825_0_3051.zip,ii,1
1825_0_3079.zip,ii,1
1825_0_3082.zip,ii,1
1825_0_3084.zip,ii,1
1825_0_3135.zip,ii,1
1825_10_15902.zip,ii,1
1825_11_15902.zip,ii,1
1825_12_15902.zip,ii,1
1825_13_15902.zip,ii,1
1825_14_15902.zip,ii,1
1825_15_15902.zip,ii,1
1825_1_15378.zip,ii,1
1825_1_1554.zip,ii,1
1825_1_15901.zip,ii,1
1825_1_15902.zip,ii,1
1825_1_16021.zip,ii,1
1825_1_1657.zip,ii,1
1825_1_1714.zip,ii,1
1825_1_1715.zip,ii,1
1825_1_1722.zip,ii,1
1825_1_1759.zip,ii,1
1825_1_17729.zip,ii,1
1825_1_2287.zip,ii,1
1825_1_2384.zip,ii,1
1825_1_2952.zip,ii,1
1825_1_2954.zip,ii,1
1825_1_3051.zip,ii,1
1825_1_3079.zip,ii,1
1825_1_3082.zip,ii,1
1825_1_3084.zip,ii,1
1825_1_3135.zip,ii,1
1825_2_15378.zip,ii,1
1825_2_1554.zip,ii,1
1825_2_15902.zip,ii,1
1825_2_16021.zip,ii,1
1825_2_1714.zip,ii,1
1825_2_1715.zip,ii,1
1825_2_1722.zip,ii,1
1825_2_1759.zip,ii,1
1825_2_17729.zip,ii,1
1825_2_2384.zip,ii,1
1825_2_2952.zip,ii,1
1825_2_3051.zip,ii,1
1825_2_3079.zip,ii,1
1825_2_3084.zip,ii,1
1825_2_3135.zip,ii,1
1825_3_15378.zip,ii,1
1825_3_1554.zip,ii,1
1825_3_15902.zip,ii,1
1825_3_16021.zip,ii,1
1825_3_1715.zip,ii,1
1825_3_1759.zip,ii,1
1825_3_2952.zip,ii,1
1825_3_3051.zip,ii,1
1825_3_3079.zip,ii,1
1825_3_3084.zip,ii,1
1825_4_15378.zip,ii,1
1825_4_1554.zip,ii,1
1825_4_15902.zip,ii,1
1825_4_16021.zip,ii,1
1825_4_1715.zip,ii,1
1825_4_1759.zip,ii,1
1825_4_2952.zip,ii,1
1825_4_3079.zip,ii,1
1825_5_15902.zip,ii,1
1825_5_1759.zip,ii,1
1825_5_2952.zip,ii,1
1825_6_15902.zip,ii,1
1825_6_1759.zip,ii,1
1825_7_15902.zip,ii,1
1825_7_1759.zip,ii,1
1825_8_15902.zip,ii,1
1825_9_15902.zip,ii,1
1826_0_15378.zip,ii,1
1826_0_15518.zip,ii,1
1826_0_1553.zip,ii,1
1826_0_1554.zip,ii,1
1826_0_15901.zip,ii,1
1826_0_15902.zip,ii,1
1826_0_15903.zip,ii,1
1826_0_16021.zip,ii,1
1826_0_1657.zip,ii,1
1826_0_1714.zip,ii,1
1826_0_1715.zip,ii,1
1826_0_1722.zip,ii,1
1826_0_1759.zip,ii,1
1826_0_17729.zip,ii,1
1826_0_1774.zip,ii,1
1826_0_2287.zip,ii,1
1826_0_2384.zip,ii,1
1826_0_2399.zip,ii,1
1826_0_2566.zip,ii,1
1826_0_2568.zip,ii,1
1826_0_2725.zip,ii,1
1826_0_2952.zip,ii,1
1826_0_2954.zip,ii,1
1826_0_2980.zip,ii,1
1826_0_3051.zip,ii,1
1826_0_3079.zip,ii,1
1826_0_3081.zip,ii,1
1826_0_3084.zip,ii,1
1826_0_3135.zip,ii,1
1826_10_15902.zip,ii,1
1826_11_15902.zip,ii,1
1826_12_15902.zip,ii,1
1826_13_15902.zip,ii,1
1826_14_15902.zip,ii,1
1826_1_15378.zip,ii,1
1826_1_15518.zip,ii,1
1826_1_1554.zip,ii,1
1826_1_15901.zip,ii,1
1826_1_15902.zip,ii,1
1826_1_15903.zip,ii,1
1826_1_16021.zip,ii,1
1826_1_1657.zip,ii,1
1826_1_1714.zip,ii,1
1826_1_1715.zip,ii,1
1826_1_1722.zip,ii,1
1826_1_1759.zip,ii,1
1826_1_17729.zip,ii,1
1826_1_1774.zip,ii,1
1826_1_2384.zip,ii,1
1826_1_2952.zip,ii,1
1826_1_2954.zip,ii,1
1826_1_3051.zip,ii,1
1826_1_3079.zip,ii,1
1826_1_3084.zip,ii,1
1826_1_3135.zip,ii,1
1826_2_15378.zip,ii,1
1826_2_1554.zip,ii,1
1826_2_15902.zip,ii,1
1826_2_15903.zip,ii,1
1826_2_16021.zip,ii,1
1826_2_1714.zip,ii,1
1826_2_1715.zip,ii,1
1826_2_1759.zip,ii,1
1826_2_17729.zip,ii,1
1826_2_2384.zip,ii,1
1826_2_2952.zip,ii,1
1826_2_3051.zip,ii,1
1826_2_3079.zip,ii,1
1826_2_3084.zip,ii,1
1826_2_3135.zip,ii,1
1826_3_15378.zip,ii,1
1826_3_1554.zip,ii,1
1826_3_15902.zip,ii,1
1826_3_16021.zip,ii,1
1826_3_1759.zip,ii,1
1826_3_2952.zip,ii,1
1826_3_3051.zip,ii,1
1826_3_3079.zip,ii,1
1826_3_3084.zip,ii,1
1826_4_15378.zip,ii,1
1826_4_1554.zip,ii,1
1826_4_15902.zip,ii,1
1826_4_1759.zip,ii,1
1826_4_2952.zip,ii,1
1826_4_3079.zip,ii,1
1826_5_15902.zip,ii,1
1826_5_1759.zip,ii,1
1826_5_2952.zip,ii,1
1826_6_15902.zip,ii,1
1826_6_1759.zip,ii,1
1826_7_15902.zip,ii,1
1826_7_1759.zip,ii,1
1826_8_15902.zip,ii,1
1826_9_15902.zip,ii,1
1827_0_15378.zip,ii,1
1827_0_15518.zip,ii,1
1827_0_1553.zip,ii,1
1827_0_1554.zip,ii,1
1827_0_15901.zip,ii,1
1827_0_15902.zip,ii,1
1827_0_15903.zip,ii,1
1827_0_16021.zip,ii,1
1827_0_1657.zip,ii,1
1827_0_1714.zip,ii,1
1827_0_1759.zip,ii,1
1827_0_17729.zip,ii,1
1827_0_1774.zip,ii,1
1827_0_2287.zip,ii,1
1827_0_2384.zip,ii,1
1827_0_2473.zip,ii,1
1827_0_2566.zip,ii,1
1827_0_2568.zip,ii,1
1827_0_2595.zip,ii,1
1827_0_2725.zip,ii,1
1827_0_2952.zip,ii,1
1827_0_2954.zip,ii,1
1827_0_2980.zip,ii,1
1827_0_3079.zip,ii,1
1827_0_3081.zip,ii,1
1827_0_3084.zip,ii,1
1827_0_3135.zip,ii,1
1827_10_15902.zip,ii,1
1827_11_15902.zip,ii,1
1827_12_15902.zip,ii,1
1827_13_15902.zip,ii,1
1827_14_15902.zip,ii,1
1827_1_15378.zip,ii,1
1827_1_15518.zip,ii,1
1827_1_1554.zip,ii,1
1827_1_15901.zip,ii,1
1827_1_15902.zip,ii,1
1827_1_15903.zip,ii,1
1827_1_16021.zip,ii,1
1827_1_1657.zip,ii,1
1827_1_1714.zip,ii,1
1827_1_1759.zip,ii,1
1827_1_17729.zip,ii,1
1827_1_1774.zip,ii,1
1827_1_2384.zip,ii,1
1827_1_2952.zip,ii,1
1827_1_2954.zip,ii,1
1827_1_2980.zip,ii,1
1827_1_3079.zip,ii,1
1827_1_3084.zip,ii,1
1827_1_3135.zip,ii,1
1827_2_15378.zip,ii,1
1827_2_1554.zip,ii,1
1827_2_15901.zip,ii,1
1827_2_15902.zip,ii,1
1827_2_16021.zip,ii,1
1827_2_1714.zip,ii,1
1827_2_1759.zip,ii,1
1827_2_17729.zip,ii,1
1827_2_1774.zip,ii,1
1827_2_2384.zip,ii,1
1827_2_2952.zip,ii,1
1827_2_2954.zip,ii,1
1827_2_3079.zip,ii,1
1827_2_3084.zip,ii,1
1827_2_3135.zip,ii,1
1827_3_15378.zip,ii,1
1827_3_1554.zip,ii,1
1827_3_15902.zip,ii,1
1827_3_16021.zip,ii,1
1827_3_1759.zip,ii,1
1827_3_3079.zip,ii,1
1827_3_3084.zip,ii,1
1827_4_15378.zip,ii,1
1827_4_1554.zip,ii,1
1827_4_15902.zip,ii,1
1827_4_1759.zip,ii,1
1827_4_3079.zip,ii,1
1827_5_15378.zip,ii,1
1827_5_15902.zip,ii,1
1827_5_1759.zip,ii,1
1827_5_3079.zip,ii,1
1827_6_15902.zip,ii,1
1827_6_1759.zip,ii,1
1827_7_15902.zip,ii,1
1827_7_1759.zip,ii,1
1827_8_15902.zip,ii,1
1827_9_15902.zip,ii,1
1828_0_15378.zip,ii,1
1828_0_1550.zip,ii,1
1828_0_15518.zip,ii,1
1828_0_1553.zip,ii,1
1828_0_1554.zip,ii,1
1828_0_1555.zip,ii,1
1828_0_15901.zip,ii,1
1828_0_15902.zip,ii,1
1828_0_15903.zip,ii,1
1828_0_16021.zip,ii,1
1828_0_1657.zip,ii,1
1828_0_1714.zip,ii,1
1828_0_1759.zip,ii,1
1828_0_17729.zip,ii,1
1828_0_2287.zip,ii,1
1828_0_2384.zip,ii,1
1828_0_2579.zip,ii,1
1828_0_2725.zip,ii,1
1828_0_2773.zip,ii,1
1828_0_2952.zip,ii,1
1828_0_2954.zip,ii,1
1828_0_2980.zip,ii,1
1828_0_3079.zip,ii,1
1828_0_3084.zip,ii,1
1828_0_3135.zip,ii,1
1828_10_1759.zip,ii,1
1828_1_15378.zip,ii,1
1828_1_1554.zip,ii,1
1828_1_15901.zip,ii,1
1828_1_15902.zip,ii,1
1828_1_16021.zip,ii,1
1828_1_1714.zip,ii,1
1828_1_1759.zip,ii,1
1828_1_17729.zip,ii,1
1828_1_2384.zip,ii,1
1828_1_2952.zip,ii,1
1828_1_2954.zip,ii,1
1828_1_3079.zip,ii,1
1828_1_3084.zip,ii,1
1828_1_3135.zip,ii,1
1828_2_15378.zip,ii,1
1828_2_1554.zip,ii,1
1828_2_15902.zip,ii,1
1828_2_16021.zip,ii,1
1828_2_1714.zip,ii,1
1828_2_1759.zip,ii,1
1828_2_17729.zip,ii,1
1828_2_2384.zip,ii,1
1828_2_2952.zip,ii,1
1828_2_3079.zip,ii,1
1828_2_3084.zip,ii,1
1828_2_3135.zip,ii,1
1828_3_15378.zip,ii,1
1828_3_1554.zip,ii,1
1828_3_15902.zip,ii,1
1828_3_16021.zip,ii,1
1828_3_1759.zip,ii,1
1828_3_3079.zip,ii,1
1828_3_3084.zip,ii,1
1828_4_15378.zip,ii,1
1828_4_15902.zip,ii,1
1828_4_1759.zip,ii,1
1828_4_3079.zip,ii,1
1828_5_15378.zip,ii,1
1828_5_15902.zip,ii,1
1828_5_1759.zip,ii,1
1828_6_15902.zip,ii,1
1828_6_1759.zip,ii,1
1828_7_15902.zip,ii,1
1828_7_1759.zip,ii,1
1828_8_15902.zip,ii,1
1828_8_1759.zip,ii,1
1828_9_1759.zip,ii,1
1829_0_15378.zip,ii,1
1829_0_1550.zip,ii,1
1829_0_1553.zip,ii,1
1829_0_1554.zip,ii,1
1829_0_1565.zip,ii,1
1829_0_15901.zip,ii,1
1829_0_1597.zip,ii,1
1829_0_16021.zip,ii,1
1829_0_1657.zip,ii,1
1829_0_1714.zip,ii,1
1829_0_1759.zip,ii,1
1829_0_17729.zip,ii,1
1829_0_2241.zip,ii,1
1829_0_2287.zip,ii,1
1829_0_2384.zip,ii,1
1829_0_2473.zip,ii,1
1829_0_2773.zip,ii,1
1829_0_2952.zip,ii,1
1829_0_2954.zip,ii,1
1829_0_2980.zip,ii,1
1829_0_2982.zip,ii,1
1829_0_3079.zip,ii,1
1829_0_3084.zip,ii,1
1829_0_3135.zip,ii,1
1829_10_1759.zip,ii,1
1829_1_15378.zip,ii,1
1829_1_1553.zip,ii,1
1829_1_1554.zip,ii,1
1829_1_15901.zip,ii,1
1829_1_16021.zip,ii,1
1829_1_1657.zip,ii,1
1829_1_1714.zip,ii,1
1829_1_1759.zip,ii,1
1829_1_17729.zip,ii,1
1829_1_2384.zip,ii,1
1829_1_2773.zip,ii,1
1829_1_2952.zip,ii,1
1829_1_2954.zip,ii,1
1829_1_3079.zip,ii,1
1829_1_3084.zip,ii,1
1829_1_3135.zip,ii,1
1829_2_15378.zip,ii,1
1829_2_1554.zip,ii,1
1829_2_16021.zip,ii,1
1829_2_1759.zip,ii,1
1829_2_17729.zip,ii,1
1829_2_2384.zip,ii,1
1829_2_2773.zip,ii,1
1829_2_2952.zip,ii,1
1829_2_3079.zip,ii,1
1829_2_3084.zip,ii,1
1829_2_3135.zip,ii,1
1829_3_15378.zip,ii,1
1829_3_1759.zip,ii,1
1829_3_2773.zip,ii,1
1829_3_3084.zip,ii,1
1829_4_15378.zip,ii,1
1829_4_1759.zip,ii,1
1829_4_2773.zip,ii,1
1829_5_15378.zip,ii,1
1829_5_1759.zip,ii,1
1829_5_2773.zip,ii,1
1829_6_1759.zip,ii,1
1829_6_2773.zip,ii,1
1829_7_1759.zip,ii,1
1829_7_2773.zip,ii,1
1829_8_1759.zip,ii,1
1829_9_1759.zip,ii,1
1830_0_15378.zip,ii,1
1830_0_1553.zip,ii,1
1830_0_1554.zip,ii,1
1830_0_1565.zip,ii,1
1830_0_15901.zip,ii,1
1830_0_1597.zip,ii,1
1830_0_1657.zip,ii,1
1830_0_1714.zip,ii,1
1830_0_1759.zip,ii,1
1830_0_17729.zip,ii,1
1830_0_2287.zip,ii,1
1830_0_2384.zip,ii,1
1830_0_2473.zip,ii,1
1830_0_2773.zip,ii,1
1830_0_2952.zip,ii,1
1830_0_2954.zip,ii,1
1830_0_2980.zip,ii,1
1830_0_3057.zip,ii,1
1830_0_3079.zip,ii,1
1830_0_3084.zip,ii,1
1830_0_8065.zip,ii,1
1830_10_1759.zip,ii,1
1830_11_1759.zip,ii,1
1830_1_15378.zip,ii,1
1830_1_1554.zip,ii,1
1830_1_15901.zip,ii,1
1830_1_1657.zip,ii,1
1830_1_1714.zip,ii,1
1830_1_1759.zip,ii,1
1830_1_17729.zip,ii,1
1830_1_2287.zip,ii,1
1830_1_2384.zip,ii,1
1830_1_2773.zip,ii,1
1830_1_2952.zip,ii,1
1830_1_2954.zip,ii,1
1830_1_3057.zip,ii,1
1830_1_3079.zip,ii,1
1830_1_3084.zip,ii,1
1830_2_15378.zip,ii,1
1830_2_1554.zip,ii,1
1830_2_1759.zip,ii,1
1830_2_17729.zip,ii,1
1830_2_2384.zip,ii,1
1830_2_2773.zip,ii,1
1830_2_2952.zip,ii,1
1830_2_3057.zip,ii,1
1830_2_3079.zip,ii,1
1830_2_3084.zip,ii,1
1830_3_15378.zip,ii,1
1830_3_1554.zip,ii,1
1830_3_1759.zip,ii,1
1830_3_2773.zip,ii,1
1830_3_3084.zip,ii,1
1830_4_15378.zip,ii,1
1830_4_1759.zip,ii,1
1830_4_2773.zip,ii,1
1830_5_15378.zip,ii,1
1830_5_1759.zip,ii,1
1830_5_2773.zip,ii,1
1830_6_1759.zip,ii,1
1830_6_2773.zip,ii,1
1830_7_1759.zip,ii,1
1830_7_2773.zip,ii,1
1830_8_1759.zip,ii,1
1830_8_2773.zip,ii,1
1830_9_1759.zip,ii,1
1770_0_1468.zip,i,1
1770_1_1468.zip,i,1
1771_0_1468.zip,i,1
1771_1_1468.zip,i,1
1772_0_1468.zip,i,1
1772_1_1468.zip,i,1
1773_0_1468.zip,i,1
1773_0_6935.zip,i,1
1773_0_8060.zip,i,1
1773_1_1468.zip,i,1
1774_0_1468.zip,i,1
1774_0_6935.zip,i,1
1774_0_8060.zip,i,1
1774_0_8063.zip,i,1
1774_1_1468.zip,i,1
1774_1_6935.zip,i,1
1774_1_8063.zip,i,1
1774_2_6935.zip,i,1
1774_2_8063.zip,i,1
1774_3_6935.zip,i,1
1774_3_8063.zip,i,1
1775_0_1468.zip,i,1
1775_0_2653.zip,i,1
1775_0_2681.zip,i,1
1775_0_6935.zip,i,1
1775_0_8060.zip,i,1
1775_0_8063.zip,i,1
1775_1_1468.zip,i,1
1775_1_2653.zip,i,1
1775_1_6935.zip,i,1
1775_1_8063.zip,i,1
1775_2_2653.zip,i,1
1775_2_6935.zip,i,1
1775_2_8063.zip,i,1
1775_3_2653.zip,i,1
1776_0_1468.zip,i,1
1776_0_2653.zip,i,1
1776_0_6935.zip,i,1
1776_0_8063.zip,i,1
1776_1_1468.zip,i,1
1776_1_2653.zip,i,1
1776_1_6935.zip,i,1
1776_1_8063.zip,i,1
1776_2_2653.zip,i,1
1776_2_6935.zip,i,1
1777_0_1468.zip,i,1
1777_0_2653.zip,i,1
1777_0_6935.zip,i,1
1777_0_8063.zip,i,1
1777_1_1468.zip,i,1
1777_1_2653.zip,i,1
1777_1_6935.zip,i,1
1777_2_2653.zip,i,1
1777_2_6935.zip,i,1
1777_3_2653.zip,i,1
1778_0_1468.zip,i,1
1778_0_2198.zip,i,1
1778_0_2653.zip,i,1
1778_0_6935.zip,i,1
1778_1_1468.zip,i,1
1778_1_2198.zip,i,1
1778_1_2653.zip,i,1
1778_1_6935.zip,i,1
1778_2_2653.zip,i,1
1778_2_6935.zip,i,1
1778_3_2653.zip,i,1
1778_3_6935.zip,i,1
1779_0_1468.zip,i,1
1779_0_2198.zip,i,1
1779_0_2653.zip,i,1
1779_0_3118.zip,i,1
1779_0_6935.zip,i,1
1779_1_1468.zip,i,1
1779_1_2198.zip,i,1
1779_1_2653.zip,i,1
1779_1_6935.zip,i,1
1779_2_2653.zip,i,1
1779_2_6935.zip,i,1
1779_3_6935.zip,i,1
1780_0_1468.zip,i,1
1780_0_2198.zip,i,1
1780_0_2653.zip,i,1
1780_0_3118.zip,i,1
1780_0_6935.zip,i,1
1780_1_1468.zip,i,1
1780_1_2198.zip,i,1
1780_1_2653.zip,i,1
1780_1_6935.zip,i,1
1780_2_6935.zip,i,1
1781_0_1468.zip,i,1
1781_0_2198.zip,i,1
1781_0_6935.zip,i,1
1781_1_1468.zip,i,1
1781_1_2198.zip,i,1
1781_1_6935.zip,i,1
1781_2_6935.zip,i,1
1782_0_1468.zip,i,1
1782_0_2198.zip,i,1
1782_0_6935.zip,i,1
1782_1_1468.zip,i,1
1782_1_2198.zip,i,1
1782_1_6935.zip,i,1
1782_2_6935.zip,i,1
1783_0_1468.zip,i,1
1783_0_2198.zip,i,1
1783_0_6935.zip,i,1
1783_1_1468.zip,i,1
1783_1_2198.zip,i,1
1783_1_6935.zip,i,1
1783_2_1468.zip,i,1
1783_2_6935.zip,i,1
1784_0_1468.zip,i,1
1784_0_2198.zip,i,1
1784_0_6935.zip,i,1
1784_1_1468.zip,i,1
1784_1_2198.zip,i,1
1784_1_6935.zip,i,1
1784_2_1468.zip,i,1
1785_0_1468.zip,i,1
1785_0_2198.zip,i,1
1785_0_3118.zip,i,1
1785_0_6935.zip,i,1
1785_1_1468.zip,i,1
1785_1_2198.zip,i,1
1785_1_6935.zip,i,1
1785_2_1468.zip,i,1
1785_2_6935.zip,i,1
1786_0_1468.zip,i,1
1786_0_2198.zip,i,1
1786_0_3118.zip,i,1
1786_0_6935.zip,i,1
1786_1_1468.zip,i,1
1786_1_2198.zip,i,1
1786_1_6935.zip,i,1
1786_2_1468.zip,i,1
1786_2_6935.zip,i,1
1786_3_1468.zip,i,1
1787_0_1468.zip,i,1
1787_0_2198.zip,i,1
1787_0_3118.zip,i,1
1787_0_3177.zip,i,1
1787_0_6935.zip,i,1
1787_1_1468.zip,i,1
1787_1_2198.zip,i,1
1787_1_6935.zip,i,1
1787_2_1468.zip,i,1
1787_2_6935.zip,i,1
1787_3_1468.zip,i,1
1788_0_1468.zip,i,1
1788_0_2198.zip,i,1
1788_0_3043.zip,i,1
1788_0_3177.zip,i,1
1788_0_6935.zip,i,1
1788_1_1468.zip,i,1
1788_1_2198.zip,i,1
1788_1_6935.zip,i,1
1788_2_1468.zip,i,1
1788_2_6935.zip,i,1
1788_3_1468.zip,i,1
1789_0_1468.zip,i,1
1789_0_2198.zip,i,1
1789_0_3043.zip,i,1
1789_0_3177.zip,i,1
1789_0_6935.zip,i,1
1789_1_1468.zip,i,1
1789_1_2198.zip,i,1
1789_1_6935.zip,i,1
1789_2_1468.zip,i,1
1789_2_6935.zip,i,1
1789_3_1468.zip,i,1
1790_0_1463.zip,i,9
1790_0_1468.zip,i,9
1790_0_2198.zip,i,9
1790_0_3177.zip,i,9
1790_0_6935.zip,i,9
1790_1_1468.zip,i,9
1790_1_2198.zip,i,9
1790_2_1468.zip,i,9
1790_3_1468.zip,i,9
1791_0_1463.zip,i,9
1791_0_1468.zip,i,9
1791_0_2198.zip,i,9
1791_0_3177.zip,i,9
1791_0_6935.zip,i,9
1791_1_1463.zip,i,9
1791_1_1468.zip,i,9
1791_1_2198.zip,i,9
1791_1_6935.zip,i,9
1791_2_1463.zip,i,9
1791_2_1468.zip,i,9
1791_2_6935.zip,i,9
1791_3_1463.zip,i,9
1791_3_1468.zip,i,9
1791_4_1463.zip,i,9
1792_0_1463.zip,i,9
1792_0_1468.zip,i,9
1792_0_2198.zip,i,9
1792_0_3177.zip,i,9
1792_0_6935.zip,i,9
1792_1_1463.zip,i,9
1792_1_1468.zip,i,9
1792_1_2198.zip,i,9
1792_1_6935.zip,i,9
1792_2_1463.zip,i,9
1792_2_1468.zip,i,9
1792_2_6935.zip,i,9
1792_3_1463.zip,i,9
1792_3_1468.zip,i,9
1792_4_1463.zip,i,9
1793_0_1463.zip,i,9
1793_0_1468.zip,i,9
1793_0_2198.zip,i,9
1793_0_6935.zip,i,9
1793_0_7054.zip,i,9
1793_1_1463.zip,i,9
1793_1_1468.zip,i,9
1793_1_2198.zip,i,9
1793_1_6935.zip,i,9
1793_2_1463.zip,i,9
1793_2_1468.zip,i,9
1793_2_6935.zip,i,9
1793_3_1463.zip,i,9
1793_3_1468.zip,i,9
1793_4_1463.zip,i,9
1794_0_1463.zip,i,9
1794_0_1468.zip,i,9
1794_0_2198.zip,i,9
1794_0_6935.zip,i,9
1794_0_7054.zip,i,9
1794_1_1468.zip,i,9
1794_1_2198.zip,i,9
1794_1_6935.zip,i,9
1794_1_7054.zip,i,9
1794_2_1468.zip,i,9
1794_2_6935.zip,i,9
1794_2_7054.zip,i,9
1794_3_1468.zip,i,9
1794_3_7054.zip,i,9
1795_0_1468.zip,i,9
1795_0_2198.zip,i,9
1795_0_3123.zip,i,9
1795_0_6935.zip,i,9
1795_1_1468.zip,i,9
1795_1_2198.zip,i,9
1795_1_6935.zip,i,9
1795_2_1468.zip,i,9
1795_3_1468.zip,i,9
1796_0_1468.zip,i,9
1796_0_2198.zip,i,9
1796_0_3123.zip,i,9
1796_0_3178.zip,i,9
1796_0_6935.zip,i,9
1796_1_1468.zip,i,9
1796_1_2198.zip,i,9
1796_1_6935.zip,i,9
1796_2_1468.zip,i,9
1796_3_1468.zip,i,9
1797_0_14453.zip,i,9
1797_0_1468.zip,i,9
1797_0_2198.zip,i,9
1797_0_2412.zip,i,9
1797_0_3028.zip,i,9
1797_0_6935.zip,i,9
1797_1_14453.zip,i,9
1797_1_1468.zip,i,9
1797_1_2198.zip,i,9
1797_1_2412.zip,i,9
1797_1_6935.zip,i,9
1797_2_1468.zip,i,9
1797_3_1468.zip,i,9
1798_0_14453.zip,i,9
1798_0_1468.zip,i,9
1798_0_2198.zip,i,9
1798_0_2412.zip,i,9
1798_0_3028.zip,i,9
1798_0_6935.zip,i,9
1798_1_14453.zip,i,9
1798_1_1468.zip,i,9
1798_1_2198.zip,i,9
1798_1_2412.zip,i,9
1798_1_3028.zip,i,9
1798_1_6935.zip,i,9
1798_2_1468.zip,i,9
1798_2_6935.zip,i,9
1798_3_1468.zip,i,9
1798_4_1468.zip,i,9
1799_0_14453.zip,i,9
1799_0_1468.zip,i,9
1799_0_2198.zip,i,9
1799_0_2412.zip,i,9
1799_0_2421.zip,i,9
1799_0_6935.zip,i,9
1799_1_14453.zip,i,9
1799_1_1468.zip,i,9
1799_1_2198.zip,i,9
1799_1_2412.zip,i,9
1799_1_2421.zip,i,9
1799_1_6935.zip,i,9
1799_2_1468.zip,i,9
1799_2_2421.zip,i,9
1799_3_1468.zip,i,9
1799_3_2421.zip,i,9
1799_4_1468.zip,i,9
1800_0_14453.zip,i,9
1800_0_1468.zip,i,9
1800_0_2198.zip,i,9
1800_0_2412.zip,i,9
1800_0_2421.zip,i,9
1800_0_6935.zip,i,9
1800_1_14453.zip,i,9
1800_1_1468.zip,i,9
1800_1_2198.zip,i,9
1800_1_2412.zip,i,9
1800_1_2421.zip,i,9
1800_1_6935.zip,i,9
1800_2_1468.zip,i,9
1800_2_2421.zip,i,9
1800_2_6935.zip,i,9
1800_3_1468.zip,i,9
1800_4_1468.zip,i,9
1801_0_14453.zip,i,9
1801_0_1468.zip,i,9
1801_0_2198.zip,i,9
1801_0_2412.zip,i,9
1801_0_6935.zip,i,9
1801_1_14453.zip,i,9
1801_1_1468.zip,i,9
1801_1_2198.zip,i,9
1801_1_2412.zip,i,9
1801_1_6935.zip,i,9
1801_2_1468.zip,i,9
1801_2_6935.zip,i,9
1802_0_14453.zip,i,9
1802_0_1468.zip,i,9
1802_0_2198.zip,i,9
1802_0_2412.zip,i,9
1802_0_2600.zip,i,9
1802_0_3027.zip,i,9
1802_0_3119.zip,i,9
1802_0_6935.zip,i,9
1802_1_14453.zip,i,9
1802_1_1468.zip,i,9
1802_1_2198.zip,i,9
1802_1_2412.zip,i,9
1802_1_3027.zip,i,9
1802_1_3119.zip,i,9
1802_1_6935.zip,i,9
1802_2_1468.zip,i,9
1802_2_3027.zip,i,9
1802_2_3119.zip,i,9
1802_2_6935.zip,i,9
1802_3_3027.zip,i,9
1803_0_14453.zip,i,9
1803_0_1468.zip,i,9
1803_0_2198.zip,i,9
1803_0_2412.zip,i,9
1803_0_2600.zip,i,9
1803_0_3027.zip,i,9
1803_0_3119.zip,i,9
1803_0_6935.zip,i,9
1803_1_14453.zip,i,9
1803_1_1468.zip,i,9
1803_1_2198.zip,i,9
1803_1_2412.zip,i,9
1803_1_2600.zip,i,9
1803_1_3027.zip,i,9
1803_1_3119.zip,i,9
1803_1_6935.zip,i,9
1803_2_1468.zip,i,9
1803_2_3027.zip,i,9
1803_2_3119.zip,i,9
1803_2_6935.zip,i,9
1803_3_3027.zip,i,9
1803_3_3119.zip,i,9
1804_0_14453.zip,i,9
1804_0_1468.zip,i,9
1804_0_2198.zip,i,9
1804_0_2412.zip,i,9
1804_0_2600.zip,i,9
1804_0_3027.zip,i,9
1804_0_6935.zip,i,9
1804_0_7755.zip,i,9
1804_1_14453.zip,i,9
1804_1_1468.zip,i,9
1804_1_2198.zip,i,9
1804_1_2412.zip,i,9
1804_1_2600.zip,i,9
1804_1_3027.zip,i,9
1804_1_6935.zip,i,9
1804_2_1468.zip,i,9
1804_2_3027.zip,i,9
1804_2_6935.zip,i,9
1804_3_3027.zip,i,9
1805_0_1468.zip,i,9
1805_0_2198.zip,i,9
1805_0_2412.zip,i,9
1805_0_2600.zip,i,9
1805_0_3027.zip,i,9
1805_0_6935.zip,i,9
1805_1_1468.zip,i,9
1805_1_2198.zip,i,9
1805_1_2412.zip,i,9
1805_1_2600.zip,i,9
1805_1_3027.zip,i,9
1805_1_6935.zip,i,9
1805_2_1468.zip,i,9
1805_2_3027.zip,i,9
1805_2_6935.zip,i,9
1806_0_1468.zip,i,9
1806_0_21034.zip,i,9
1806_0_2198.zip,i,9
1806_0_2412.zip,i,9
1806_0_2600.zip,i,9
1806_0_3027.zip,i,9
1806_0_6935.zip,i,9
1806_1_1468.zip,i,9
1806_1_21034.zip,i,9
1806_1_2198.zip,i,9
1806_1_2600.zip,i,9
1806_1_3027.zip,i,9
1806_1_6935.zip,i,9
1806_2_1468.zip,i,9
1806_2_21034.zip,i,9
1806_2_3027.zip,i,9
1806_2_6935.zip,i,9
1807_0_14443.zip,i,9
1807_0_1468.zip,i,9
1807_0_1648.zip,i,9
1807_0_21034.zip,i,9
1807_0_2198.zip,i,9
1807_0_2600.zip,i,9
1807_0_3027.zip,i,9
1807_0_3040.zip,i,9
1807_0_6935.zip,i,9
1807_1_14443.zip,i,9
1807_1_1468.zip,i,9
1807_1_1648.zip,i,9
1807_1_21034.zip,i,9
1807_1_2198.zip,i,9
1807_1_2600.zip,i,9
1807_1_3027.zip,i,9
1807_1_6935.zip,i,9
1807_2_1468.zip,i,9
1807_2_1648.zip,i,9
1807_2_21034.zip,i,9
1807_2_2198.zip,i,9
1807_2_3027.zip,i,9
1807_2_6935.zip,i,9
1807_3_1468.zip,i,9
1807_3_1648.zip,i,9
1807_3_21034.zip,i,9
1808_0_1468.zip,i,9
1808_0_1648.zip,i,9
1808_0_21034.zip,i,9
1808_0_2198.zip,i,9
1808_0_22052.zip,i,9
1808_0_2600.zip,i,9
1808_0_3027.zip,i,9
1808_0_3040.zip,i,9
1808_0_6935.zip,i,9
1808_0_7468.zip,i,9
1808_1_1468.zip,i,9
1808_1_1648.zip,i,9
1808_1_21034.zip,i,9
1808_1_2198.zip,i,9
1808_1_22052.zip,i,9
1808_1_2600.zip,i,9
1808_1_3027.zip,i,9
1808_1_3040.zip,i,9
1808_1_6935.zip,i,9
1808_2_1468.zip,i,9
1808_2_1648.zip,i,9
1808_2_21034.zip,i,9
1808_2_3027.zip,i,9
1808_2_6935.zip,i,9
1808_3_1468.zip,i,9
1808_3_1648.zip,i,9
1808_3_21034.zip,i,9
1808_3_3027.zip,i,9
1808_4_1648.zip,i,9
1809_0_1468.zip,i,9
1809_0_1648.zip,i,9
1809_0_21034.zip,i,9
1809_0_2198.zip,i,9
1809_0_22052.zip,i,9
1809_0_2600.zip,i,9
1809_0_3040.zip,i,9
1809_0_6935.zip,i,9
1809_0_7468.zip,i,9
1809_1_1468.zip,i,9
1809_1_1648.zip,i,9
1809_1_21034.zip,i,9
1809_1_2198.zip,i,9
1809_1_22052.zip,i,9
1809_1_2600.zip,i,9
1809_1_3040.zip,i,9
1809_1_6935.zip,i,9
1809_1_7468.zip,i,9
1809_2_1468.zip,i,9
1809_2_21034.zip,i,9
1809_2_22052.zip,i,9
1809_2_6935.zip,i,9
1809_2_7468.zip,i,9
1809_3_1468.zip,i,9
1809_3_21034.zip,i,9
1810_0_1468.zip,i,9
1810_0_1646.zip,i,9
1810_0_21034.zip,i,9
1810_0_2198.zip,i,9
1810_0_22052.zip,i,9
1810_0_2242.zip,i,9
1810_0_2520.zip,i,9
1810_0_2600.zip,i,9
1810_0_3040.zip,i,9
1810_0_6935.zip,i,9
1810_0_7468.zip,i,9
1810_1_1468.zip,i,9
1810_1_21034.zip,i,9
1810_1_2198.zip,i,9
1810_1_22052.zip,i,9
1810_1_2242.zip,i,9
1810_1_3040.zip,i,9
1810_1_6935.zip,i,9
1810_1_7468.zip,i,9
1810_2_1468.zip,i,9
1810_2_22052.zip,i,9
1810_2_2242.zip,i,9
1810_2_6935.zip,i,9
1810_2_7468.zip,i,9
1810_3_2242.zip,i,9
1811_0_1468.zip,i,9
1811_0_1646.zip,i,9
1811_0_21034.zip,i,9
1811_0_2198.zip,i,9
1811_0_22052.zip,i,9
1811_0_2242.zip,i,9
1811_0_2600.zip,i,9
1811_0_3040.zip,i,9
1811_0_6935.zip,i,9
1811_0_7468.zip,i,9
1811_1_1468.zip,i,9
1811_1_1646.zip,i,9
1811_1_21034.zip,i,9
1811_1_2198.zip,i,9
1811_1_22052.zip,i,9
1811_1_2242.zip,i,9
1811_1_2600.zip,i,9
1811_1_3040.zip,i,9
1811_1_6935.zip,i,9
1811_1_7468.zip,i,9
1811_2_1468.zip,i,9
1811_2_21034.zip,i,9
1811_2_2198.zip,i,9
1811_2_3040.zip,i,9
1811_2_6935.zip,i,9
1811_2_7468.zip,i,9
1811_3_1468.zip,i,9
1811_3_21034.zip,i,9
1812_0_1468.zip,i,9
1812_0_21034.zip,i,9
1812_0_2198.zip,i,9
1812_0_22052.zip,i,9
1812_0_2600.zip,i,9
1812_0_3040.zip,i,9
1812_0_6935.zip,i,9
1812_0_7468.zip,i,9
1812_1_1468.zip,i,9
1812_1_21034.zip,i,9
1812_1_2198.zip,i,9
1812_1_22052.zip,i,9
1812_1_3040.zip,i,9
1812_1_6935.zip,i,9
1812_1_7468.zip,i,9
1812_2_1468.zip,i,9
1812_2_21034.zip,i,9
1812_2_2198.zip,i,9
1812_2_3040.zip,i,9
1812_2_6935.zip,i,9
1812_2_7468.zip,i,9
1812_3_1468.zip,i,9
1812_3_21034.zip,i,9
1813_0_1468.zip,i,9
1813_0_1652.zip,i,9
1813_0_21034.zip,i,9
1813_0_2198.zip,i,9
1813_0_22052.zip,i,9
1813_0_2600.zip,i,9
1813_0_3040.zip,i,9
1813_0_6935.zip,i,9
1813_1_1468.zip,i,9
1813_1_21034.zip,i,9
1813_1_2198.zip,i,9
1813_1_22052.zip,i,9
1813_1_3040.zip,i,9
1813_1_6935.zip,i,9
1813_2_1468.zip,i,9
1813_2_3040.zip,i,9
1813_2_6935.zip,i,9
1813_3_1468.zip,i,9
1814_0_1468.zip,i,9
1814_0_1652.zip,i,9
1814_0_21034.zip,i,9
1814_0_2198.zip,i,9
1814_0_22052.zip,i,9
1814_0_2600.zip,i,9
1814_0_3040.zip,i,9
1814_0_6935.zip,i,9
1814_1_1468.zip,i,9
1814_1_1652.zip,i,9
1814_1_21034.zip,i,9
1814_1_2198.zip,i,9
1814_1_22052.zip,i,9
1814_1_2600.zip,i,9
1814_1_3040.zip,i,9
1814_1_6935.zip,i,9
1814_2_1468.zip,i,9
1814_2_1652.zip,i,9
1814_2_21034.zip,i,9
1814_2_3040.zip,i,9
1814_2_6935.zip,i,9
1814_3_1468.zip,i,9
1814_3_1652.zip,i,9
1815_0_1468.zip,i,9
1815_0_21034.zip,i,9
1815_0_2198.zip,i,9
1815_0_22052.zip,i,9
1815_0_2600.zip,i,9
1815_0_3040.zip,i,9
1815_0_6935.zip,i,9
1815_1_1468.zip,i,9
1815_1_21034.zip,i,9
1815_1_2198.zip,i,9
1815_1_22052.zip,i,9
1815_1_3040.zip,i,9
1815_1_6935.zip,i,9
1815_2_1468.zip,i,9
1815_2_21034.zip,i,9
1815_2_2198.zip,i,9
1815_2_22052.zip,i,9
1815_2_3040.zip,i,9
1815_2_6935.zip,i,9
1815_3_21034.zip,i,9
1816_0_1468.zip,i,9
1816_0_21034.zip,i,9
1816_0_2198.zip,i,9
1816_0_22052.zip,i,9
1816_0_2600.zip,i,9
1816_0_6935.zip,i,9
1816_1_1468.zip,i,9
1816_1_21034.zip,i,9
1816_1_2198.zip,i,9
1816_1_22052.zip,i,9
1816_1_2600.zip,i,9
1816_1_6935.zip,i,9
1816_2_1468.zip,i,9
1816_2_21034.zip,i,9
1816_2_2198.zip,i,9
1816_2_22052.zip,i,9
1816_2_6935.zip,i,9
1817_0_1468.zip,i,9
1817_0_21034.zip,i,9
1817_0_2198.zip,i,9
1817_0_22052.zip,i,9
1817_0_2600.zip,i,9
1817_0_6935.zip,i,9
1817_1_1468.zip,i,9
1817_1_21034.zip,i,9
1817_1_2198.zip,i,9
1817_1_22052.zip,i,9
1817_1_6935.zip,i,9
1817_2_1468.zip,i,9
1817_2_21034.zip,i,9
1817_2_2198.zip,i,9
1817_2_22052.zip,i,9
1817_2_6935.zip,i,9
1817_3_1468.zip,i,9
1817_3_21034.zip,i,9
1818_0_1468.zip,i,9
1818_0_21034.zip,i,9
1818_0_2198.zip,i,9
1818_0_22052.zip,i,9
1818_0_2600.zip,i,9
1818_0_3042.zip,i,9
1818_0_6935.zip,i,9
1818_1_1468.zip,i,9
1818_1_21034.zip,i,9
1818_1_2198.zip,i,9
1818_1_22052.zip,i,9
1818_1_2600.zip,i,9
1818_1_3042.zip,i,9
1818_1_6935.zip,i,9
1818_2_1468.zip,i,9
1818_2_21034.zip,i,9
1818_2_2198.zip,i,9
1818_2_22052.zip,i,9
1818_2_3042.zip,i,9
1818_3_1468.zip,i,9
1818_3_3042.zip,i,9
1818_4_3042.zip,i,9
1818_5_3042.zip,i,9
1819_0_1462.zip,i,9
1819_0_1468.zip,i,9
1819_0_1641.zip,i,9
1819_0_21034.zip,i,9
1819_0_2198.zip,i,9
1819_0_22052.zip,i,9
1819_0_2600.zip,i,9
1819_0_3042.zip,i,9
1819_0_6935.zip,i,9
1819_10_3042.zip,i,9
1819_1_1462.zip,i,9
1819_1_1468.zip,i,9
1819_1_1641.zip,i,9
1819_1_21034.zip,i,9
1819_1_2198.zip,i,9
1819_1_22052.zip,i,9
1819_1_3042.zip,i,9
1819_1_6935.zip,i,9
1819_2_1462.zip,i,9
1819_2_1468.zip,i,9
1819_2_1641.zip,i,9
1819_2_21034.zip,i,9
1819_2_2198.zip,i,9
1819_2_22052.zip,i,9
1819_2_3042.zip,i,9
1819_3_1468.zip,i,9
1819_3_1641.zip,i,9
1819_3_21034.zip,i,9
1819_3_3042.zip,i,9
1819_4_1641.zip,i,9
1819_4_3042.zip,i,9
1819_5_3042.zip,i,9
1819_6_3042.zip,i,9
1819_7_3042.zip,i,9
1819_8_3042.zip,i,9
1819_9_3042.zip,i,9
1820_0_1462.zip,i,9
1820_0_1468.zip,i,9
1820_0_1641.zip,i,9
1820_0_21034.zip,i,9
1820_0_2198.zip,i,9
1820_0_22052.zip,i,9
1820_0_2589.zip,i,9
1820_0_2600.zip,i,9
1820_0_3042.zip,i,9
1820_0_6935.zip,i,9
1820_1_1462.zip,i,9
1820_1_1468.zip,i,9
1820_1_1641.zip,i,9
1820_1_21034.zip,i,9
1820_1_2198.zip,i,9
1820_1_22052.zip,i,9
1820_1_2600.zip,i,9
1820_1_3042.zip,i,9
1820_1_6935.zip,i,9
1820_2_1462.zip,i,9
1820_2_1468.zip,i,9
1820_2_1641.zip,i,9
1820_2_21034.zip,i,9
1820_2_2198.zip,i,9
1820_2_22052.zip,i,9
1820_2_3042.zip,i,9
1820_2_6935.zip,i,9
1820_3_1468.zip,i,9
1820_3_1641.zip,i,9
1820_3_21034.zip,i,9
1820_3_3042.zip,i,9
1820_4_3042.zip,i,9
1820_5_3042.zip,i,9
1820_6_3042.zip,i,9
1820_7_3042.zip,i,9
1820_8_3042.zip,i,9
1821_0_1462.zip,i,1
1821_0_1468.zip,i,1
1821_0_1641.zip,i,1
1821_0_21034.zip,i,1
1821_0_2198.zip,i,1
1821_0_22052.zip,i,1
1821_0_2589.zip,i,1
1821_0_2600.zip,i,1
1821_0_3042.zip,i,1
1821_0_6935.zip,i,1
1821_1_1462.zip,i,1
1821_1_1468.zip,i,1
1821_1_1641.zip,i,1
1821_1_21034.zip,i,1
1821_1_2198.zip,i,1
1821_1_22052.zip,i,1
1821_1_2589.zip,i,1
1821_1_3042.zip,i,1
1821_1_6935.zip,i,1
1821_2_1462.zip,i,1
1821_2_1468.zip,i,1
1821_2_1641.zip,i,1
1821_2_21034.zip,i,1
1821_2_2198.zip,i,1
1821_2_22052.zip,i,1
1821_2_3042.zip,i,1
1821_2_6935.zip,i,1
1821_3_1468.zip,i,1
1821_3_21034.zip,i,1
1821_3_3042.zip,i,1
1821_4_3042.zip,i,1
1821_5_3042.zip,i,1
1821_6_3042.zip,i,1
1821_7_3042.zip,i,1
1822_0_1462.zip,i,1
1822_0_1468.zip,i,1
1822_0_1644.zip,i,1
1822_0_21034.zip,i,1
1822_0_2198.zip,i,1
1822_0_22052.zip,i,1
1822_0_2589.zip,i,1
1822_0_2600.zip,i,1
1822_0_3042.zip,i,1
1822_0_3047.zip,i,1
1822_0_6935.zip,i,1
1822_1_1462.zip,i,1
1822_1_1468.zip,i,1
1822_1_21034.zip,i,1
1822_1_2198.zip,i,1
1822_1_22052.zip,i,1
1822_1_2589.zip,i,1
1822_1_3042.zip,i,1
1822_1_6935.zip,i,1
1822_2_1462.zip,i,1
1822_2_1468.zip,i,1
1822_2_21034.zip,i,1
1822_2_2198.zip,i,1
1822_2_22052.zip,i,1
1822_2_2589.zip,i,1
1822_2_3042.zip,i,1
1822_3_1468.zip,i,1
1822_3_21034.zip,i,1
1822_3_3042.zip,i,1
1822_4_3042.zip,i,1
1822_5_3042.zip,i,1
1822_6_3042.zip,i,1
1822_7_3042.zip,i,1
1823_0_1462.zip,i,1
1823_0_1468.zip,i,1
1823_0_1644.zip,i,1
1823_0_21034.zip,i,1
1823_0_2198.zip,i,1
1823_0_22052.zip,i,1
1823_0_2589.zip,i,1
1823_0_2600.zip,i,1
1823_0_3042.zip,i,1
1823_0_3047.zip,i,1
1823_0_6935.zip,i,1
1823_1_1462.zip,i,1
1823_1_1468.zip,i,1
1823_1_21034.zip,i,1
1823_1_2198.zip,i,1
1823_1_22052.zip,i,1
1823_1_2589.zip,i,1
1823_1_3042.zip,i,1
1823_1_3047.zip,i,1
1823_1_6935.zip,i,1
1823_2_1462.zip,i,1
1823_2_1468.zip,i,1
1823_2_21034.zip,i,1
1823_2_2198.zip,i,1
1823_2_22052.zip,i,1
1823_2_2589.zip,i,1
1823_2_3042.zip,i,1
1823_2_3047.zip,i,1
1823_3_1468.zip,i,1
1823_3_3042.zip,i,1
1823_3_3047.zip,i,1
1823_4_3042.zip,i,1
1823_4_3047.zip,i,1
1823_5_3042.zip,i,1
1823_6_3042.zip,i,1
1823_7_3042.zip,i,1
1824_0_1462.zip,i,1
1824_0_1468.zip,i,1
1824_0_21034.zip,i,1
1824_0_2198.zip,i,1
1824_0_22052.zip,i,1
1824_0_2589.zip,i,1
1824_0_2600.zip,i,1
1824_0_3042.zip,i,1
1824_0_3047.zip,i,1
1824_0_6935.zip,i,1
1824_1_1462.zip,i,1
1824_1_1468.zip,i,1
1824_1_21034.zip,i,1
1824_1_2198.zip,i,1
1824_1_22052.zip,i,1
1824_1_2589.zip,i,1
1824_1_2600.zip,i,1
1824_1_3042.zip,i,1
1824_1_3047.zip,i,1
1824_1_6935.zip,i,1
1824_2_1468.zip,i,1
1824_2_21034.zip,i,1
1824_2_2198.zip,i,1
1824_2_22052.zip,i,1
1824_2_2589.zip,i,1
1824_2_3042.zip,i,1
1824_2_3047.zip,i,1
1824_3_1468.zip,i,1
1824_3_3042.zip,i,1
1824_3_3047.zip,i,1
1824_4_3042.zip,i,1
1824_4_3047.zip,i,1
1824_5_3042.zip,i,1
1824_6_3042.zip,i,1
1825_0_1462.zip,i,1
1825_0_1468.zip,i,1
1825_0_21034.zip,i,1
1825_0_21072.zip,i,1
1825_0_2198.zip,i,1
1825_0_22052.zip,i,1
1825_0_2589.zip,i,1
1825_0_2600.zip,i,1
1825_0_3042.zip,i,1
1825_0_3047.zip,i,1
1825_1_1462.zip,i,1
1825_1_1468.zip,i,1
1825_1_21034.zip,i,1
1825_1_2198.zip,i,1
1825_1_22052.zip,i,1
1825_1_2589.zip,i,1
1825_1_2600.zip,i,1
1825_1_3042.zip,i,1
1825_1_3047.zip,i,1
1825_2_1468.zip,i,1
1825_2_21034.zip,i,1
1825_2_2198.zip,i,1
1825_2_3042.zip,i,1
1825_2_3047.zip,i,1
1825_3_1468.zip,i,1
1825_3_3042.zip,i,1
1825_3_3047.zip,i,1
1825_4_3042.zip,i,1
1825_5_3042.zip,i,1
1826_0_1462.zip,i,1
1826_0_1468.zip,i,1
1826_0_1645.zip,i,1
1826_0_21072.zip,i,1
1826_0_2198.zip,i,1
1826_0_22052.zip,i,1
1826_0_2589.zip,i,1
1826_0_2600.zip,i,1
1826_0_3042.zip,i,1
1826_0_3047.zip,i,1
1826_1_1462.zip,i,1
1826_1_1468.zip,i,1
1826_1_2198.zip,i,1
1826_1_22052.zip,i,1
1826_1_2589.zip,i,1
1826_1_2600.zip,i,1
1826_1_3042.zip,i,1
1826_1_3047.zip,i,1
1826_2_1462.zip,i,1
1826_2_1468.zip,i,1
1826_2_2198.zip,i,1
1826_2_22052.zip,i,1
1826_2_3042.zip,i,1
1826_2_3047.zip,i,1
1826_3_1468.zip,i,1
1826_3_3042.zip,i,1
1826_3_3047.zip,i,1
1826_4_3042.zip,i,1
1827_0_1462.zip,i,1
1827_0_1468.zip,i,1
1827_0_21034.zip,i,1
1827_0_21072.zip,i,1
1827_0_2198.zip,i,1
1827_0_2288.zip,i,1
1827_0_2589.zip,i,1
1827_0_2600.zip,i,1
1827_0_3042.zip,i,1
1827_0_3047.zip,i,1
1827_1_1462.zip,i,1
1827_1_1468.zip,i,1
1827_1_21034.zip,i,1
1827_1_2198.zip,i,1
1827_1_2288.zip,i,1
1827_1_2589.zip,i,1
1827_1_3042.zip,i,1
1827_1_3047.zip,i,1
1827_2_1462.zip,i,1
1827_2_1468.zip,i,1
1827_2_2198.zip,i,1
1827_2_3042.zip,i,1
1827_2_3047.zip,i,1
1827_3_1468.zip,i,1
1827_3_3042.zip,i,1
1827_3_3047.zip,i,1
1827_4_3042.zip,i,1
1827_4_3047.zip,i,1
1828_0_1462.zip,i,1
1828_0_1468.zip,i,1
1828_0_1642.zip,i,1
1828_0_21034.zip,i,1
1828_0_21072.zip,i,1
1828_0_2198.zip,i,1
1828_0_2288.zip,i,1
1828_0_2299.zip,i,1
1828_0_2589.zip,i,1
1828_0_2600.zip,i,1
1828_0_3042.zip,i,1
1828_0_3047.zip,i,1
1828_1_1462.zip,i,1
1828_1_1468.zip,i,1
1828_1_1642.zip,i,1
1828_1_21034.zip,i,1
1828_1_2198.zip,i,1
1828_1_2288.zip,i,1
1828_1_2299.zip,i,1
1828_1_2589.zip,i,1
1828_1_2600.zip,i,1
1828_1_3042.zip,i,1
1828_1_3047.zip,i,1
1828_2_1462.zip,i,1
1828_2_1468.zip,i,1
1828_2_21034.zip,i,1
1828_2_2198.zip,i,1
1828_2_2288.zip,i,1
1828_2_2299.zip,i,1
1828_2_3042.zip,i,1
1828_2_3047.zip,i,1
1828_3_1468.zip,i,1
1828_3_2288.zip,i,1
1828_3_2299.zip,i,1
1828_3_3042.zip,i,1
1828_3_3047.zip,i,1
1828_4_2299.zip,i,1
1828_4_3042.zip,i,1
1828_4_3047.zip,i,1
1828_5_2299.zip,i,1
1828_5_3042.zip,i,1
1828_6_2299.zip,i,1
1828_6_3042.zip,i,1
1828_7_2299.zip,i,1
1828_8_2299.zip,i,1
1829_0_1462.zip,i,1
1829_0_1468.zip,i,1
1829_0_1642.zip,i,1
1829_0_21034.zip,i,1
1829_0_21072.zip,i,1
1829_0_2198.zip,i,1
1829_0_2288.zip,i,1
1829_0_2299.zip,i,1
1829_0_2589.zip,i,1
1829_0_2600.zip,i,1
1829_0_3042.zip,i,1
1829_0_3047.zip,i,1
1829_1_1462.zip,i,1
1829_1_1468.zip,i,1
1829_1_1642.zip,i,1
1829_1_21034.zip,i,1
1829_1_2198.zip,i,1
1829_1_2288.zip,i,1
1829_1_2299.zip,i,1
1829_1_2589.zip,i,1
1829_1_2600.zip,i,1
1829_1_3042.zip,i,1
1829_1_3047.zip,i,1
1829_2_1462.zip,i,1
1829_2_1468.zip,i,1
1829_2_21034.zip,i,1
1829_2_2198.zip,i,1
1829_2_2288.zip,i,1
1829_2_2299.zip,i,1
1829_2_3042.zip,i,1
1829_2_3047.zip,i,1
1829_3_1468.zip,i,1
1829_3_2288.zip,i,1
1829_3_2299.zip,i,1
1829_3_3042.zip,i,1
1829_3_3047.zip,i,1
1829_4_2299.zip,i,1
1829_4_3042.zip,i,1
1829_4_3047.zip,i,1
1829_5_2299.zip,i,1
1829_5_3042.zip,i,1
1829_6_3042.zip,i,1
1830_0_1462.zip,i,1
1830_0_1468.zip,i,1
1830_0_1642.zip,i,1
1830_0_1795.zip,i,1
1830_0_21034.zip,i,1
1830_0_21072.zip,i,1
1830_0_2198.zip,i,1
1830_0_2288.zip,i,1
1830_0_2299.zip,i,1
1830_0_2589.zip,i,1
1830_0_2600.zip,i,1
1830_0_3042.zip,i,1
1830_0_3047.zip,i,1
1830_1_1462.zip,i,1
1830_1_1468.zip,i,1
1830_1_1795.zip,i,1
1830_1_21034.zip,i,1
1830_1_2198.zip,i,1
1830_1_2288.zip,i,1
1830_1_2299.zip,i,1
1830_1_2589.zip,i,1
1830_1_2600.zip,i,1
1830_1_3042.zip,i,1
1830_1_3047.zip,i,1
1830_2_1462.zip,i,1
1830_2_1468.zip,i,1
1830_2_1795.zip,i,1
1830_2_21034.zip,i,1
1830_2_2288.zip,i,1
1830_2_2299.zip,i,1
1830_2_3042.zip,i,1
1830_2_3047.zip,i,1
1830_3_1468.zip,i,1
1830_3_1795.zip,i,1
1830_3_2299.zip,i,1
1830_3_3042.zip,i,1
1830_3_3047.zip,i,1
1830_4_2299.zip,i,1
1830_4_3042.zip,i,1
1830_4_3047.zip,i,1
1830_5_2299.zip,i,1
1830_5_3042.zip,i,1
1830_6_2299.zip,i,1
1830_7_2299.zip,i,1
