1788_0_1506.zip,ii
1788_1_1506.zip,ii
1788_2_1506.zip,ii
1789_0_1506.zip,ii
1789_1_1506.zip,ii
1789_2_1506.zip,ii
1789_3_1506.zip,ii
1790_0_1506.zip,ii
1790_1_1506.zip,ii
1790_2_1506.zip,ii
1790_3_1506.zip,ii
1790_4_1506.zip,ii
1791_0_1506.zip,ii
1791_1_1506.zip,ii
1791_2_1506.zip,ii
1791_3_1506.zip,ii
1792_0_1506.zip,ii
1792_1_1506.zip,ii
1792_2_1506.zip,ii
1792_3_1506.zip,ii
1792_4_1506.zip,ii
1793_0_1506.zip,ii
1793_1_1506.zip,ii
1793_2_1506.zip,ii
1793_3_1506.zip,ii
1794_0_1506.zip,ii
1794_1_1506.zip,ii
1794_2_1506.zip,ii
1794_3_1506.zip,ii
1795_0_1506.zip,ii
1795_1_1506.zip,ii
1795_2_1506.zip,ii
1795_3_1506.zip,ii
1796_0_1506.zip,ii
1796_1_1506.zip,ii
1796_2_1506.zip,ii
1796_3_1506.zip,ii
1797_0_1506.zip,ii
1797_1_1506.zip,ii
1797_2_1506.zip,ii
1798_0_1506.zip,ii
1798_1_1506.zip,ii
1798_2_1506.zip,ii
1799_0_1506.zip,ii
1799_1_1506.zip,ii
1805_0_1714.zip,ii
1805_1_1714.zip,ii
1806_0_1714.zip,ii
1806_1_1714.zip,ii
1807_0_1714.zip,ii
1807_1_1714.zip,ii
1808_0_1714.zip,ii
1808_0_1759.zip,ii
1808_1_1714.zip,ii
1808_1_1759.zip,ii
1808_2_1759.zip,ii
1808_3_1759.zip,ii
1808_4_1759.zip,ii
1808_5_1759.zip,ii
1808_6_1759.zip,ii
1809_0_1714.zip,ii
1809_0_1759.zip,ii
1809_1_1714.zip,ii
1809_1_1759.zip,ii
1809_2_1714.zip,ii
1809_2_1759.zip,ii
1809_3_1759.zip,ii
1809_4_1759.zip,ii
1809_5_1759.zip,ii
1809_6_1759.zip,ii
1809_7_1759.zip,ii
1810_0_1714.zip,ii
1810_0_1759.zip,ii
1810_1_1714.zip,ii
1810_1_1759.zip,ii
1810_2_1714.zip,ii
1810_2_1759.zip,ii
1810_3_1714.zip,ii
1810_3_1759.zip,ii
1810_4_1759.zip,ii
1810_5_1759.zip,ii
1810_6_1759.zip,ii
1810_7_1759.zip,ii
1811_0_1714.zip,ii
1811_0_1759.zip,ii
1811_1_1714.zip,ii
1811_1_1759.zip,ii
1811_2_1759.zip,ii
1811_3_1759.zip,ii
1811_4_1759.zip,ii
1811_5_1759.zip,ii
1811_6_1759.zip,ii
1811_7_1759.zip,ii
1812_0_1714.zip,ii
1812_0_1759.zip,ii
1812_1_1714.zip,ii
1812_1_1759.zip,ii
1812_2_1714.zip,ii
1812_2_1759.zip,ii
1812_3_1759.zip,ii
1812_4_1759.zip,ii
1812_5_1759.zip,ii
1812_6_1759.zip,ii
1813_0_1714.zip,ii
1813_0_1759.zip,ii
1813_1_1714.zip,ii
1813_1_1759.zip,ii
1813_2_1759.zip,ii
1813_3_1759.zip,ii
1813_4_1759.zip,ii
1813_5_1759.zip,ii
1813_6_1759.zip,ii
1813_7_1759.zip,ii
1814_0_1714.zip,ii
1814_0_1759.zip,ii
1814_1_1714.zip,ii
1814_1_1759.zip,ii
1814_2_1714.zip,ii
1814_2_1759.zip,ii
1814_3_1759.zip,ii
1814_4_1759.zip,ii
1814_5_1759.zip,ii
1814_6_1759.zip,ii
1815_0_1714.zip,ii
1815_0_1759.zip,ii
1815_1_1714.zip,ii
1815_1_1759.zip,ii
1815_2_1714.zip,ii
1815_2_1759.zip,ii
1815_3_1759.zip,ii
1815_4_1759.zip,ii
1815_5_1759.zip,ii
1815_6_1759.zip,ii
1815_7_1759.zip,ii
1816_0_1714.zip,ii
1816_0_1759.zip,ii
1816_1_1714.zip,ii
1816_1_1759.zip,ii
1816_2_1759.zip,ii
1816_3_1759.zip,ii
1816_4_1759.zip,ii
1816_5_1759.zip,ii
1816_6_1759.zip,ii
1817_0_1714.zip,ii
1817_0_1759.zip,ii
1817_1_1714.zip,ii
1817_1_1759.zip,ii
1817_2_1759.zip,ii
1817_3_1759.zip,ii
1817_4_1759.zip,ii
1817_5_1759.zip,ii
1817_6_1759.zip,ii
1817_7_1759.zip,ii
1818_0_1714.zip,ii
1818_0_1759.zip,ii
1818_1_1714.zip,ii
1818_1_1759.zip,ii
1818_2_1759.zip,ii
1818_3_1759.zip,ii
1818_4_1759.zip,ii
1818_5_1759.zip,ii
1818_6_1759.zip,ii
1819_0_1714.zip,ii
1819_0_1759.zip,ii
1819_1_1714.zip,ii
1819_1_1759.zip,ii
1819_2_1759.zip,ii
1819_3_1759.zip,ii
1819_4_1759.zip,ii
1819_5_1759.zip,ii
1819_6_1759.zip,ii
1820_0_1714.zip,ii
1820_0_1759.zip,ii
1820_1_1714.zip,ii
1820_1_1759.zip,ii
1820_2_1759.zip,ii
1820_3_1759.zip,ii
1820_4_1759.zip,ii
1820_5_1759.zip,ii
1820_6_1759.zip,ii
1820_7_1759.zip,ii
1821_0_1714.zip,ii
1821_0_1759.zip,ii
1821_1_1714.zip,ii
1821_1_1759.zip,ii
1821_2_1714.zip,ii
1821_2_1759.zip,ii
1821_3_1759.zip,ii
1821_4_1759.zip,ii
1821_5_1759.zip,ii
1821_6_1759.zip,ii
1822_0_1714.zip,ii
1822_0_1759.zip,ii
1822_1_1714.zip,ii
1822_1_1759.zip,ii
1822_2_1714.zip,ii
1822_2_1759.zip,ii
1822_3_1759.zip,ii
1822_4_1759.zip,ii
1822_5_1759.zip,ii
1822_6_1759.zip,ii
1822_7_1759.zip,ii
1823_0_1714.zip,ii
1823_0_1759.zip,ii
1823_1_1714.zip,ii
1823_1_1759.zip,ii
1823_2_1714.zip,ii
1823_2_1759.zip,ii
1823_3_1759.zip,ii
1823_4_1759.zip,ii
1823_5_1759.zip,ii
1823_6_1759.zip,ii
1823_7_1759.zip,ii
1823_8_1759.zip,ii
1824_0_1714.zip,ii
1824_0_1759.zip,ii
1824_1_1714.zip,ii
1824_1_1759.zip,ii
1824_2_1714.zip,ii
1824_2_1759.zip,ii
1824_3_1759.zip,ii
1824_4_1759.zip,ii
1824_5_1759.zip,ii
1824_6_1759.zip,ii
1824_7_1759.zip,ii
1824_8_1759.zip,ii
1825_0_1714.zip,ii
1825_0_1759.zip,ii
1825_1_1714.zip,ii
1825_1_1759.zip,ii
1825_2_1714.zip,ii
1825_2_1759.zip,ii
1825_3_1759.zip,ii
1825_4_1759.zip,ii
1825_5_1759.zip,ii
1825_6_1759.zip,ii
1825_7_1759.zip,ii
1826_0_1714.zip,ii
1826_0_1759.zip,ii
1826_1_1714.zip,ii
1826_1_1759.zip,ii
1826_2_1714.zip,ii
1826_2_1759.zip,ii
1826_3_1759.zip,ii
1826_4_1759.zip,ii
1826_5_1759.zip,ii
1826_6_1759.zip,ii
1826_7_1759.zip,ii
1827_0_1714.zip,ii
1827_0_1759.zip,ii
1827_1_1714.zip,ii
1827_1_1759.zip,ii
1827_2_1714.zip,ii
1827_2_1759.zip,ii
1827_3_1759.zip,ii
1827_4_1759.zip,ii
1827_5_1759.zip,ii
1827_6_1759.zip,ii
1827_7_1759.zip,ii
1828_0_1714.zip,ii
1828_0_1759.zip,ii
1828_10_1759.zip,ii
1828_1_1714.zip,ii
1828_1_1759.zip,ii
1828_2_1714.zip,ii
1828_2_1759.zip,ii
1828_3_1759.zip,ii
1828_4_1759.zip,ii
1828_5_1759.zip,ii
1828_6_1759.zip,ii
1828_7_1759.zip,ii
1828_8_1759.zip,ii
1828_9_1759.zip,ii
1829_0_1714.zip,ii
1829_0_1759.zip,ii
1829_10_1759.zip,ii
1829_1_1714.zip,ii
1829_1_1759.zip,ii
1829_2_1759.zip,ii
1829_3_1759.zip,ii
1829_4_1759.zip,ii
1829_5_1759.zip,ii
1829_6_1759.zip,ii
1829_7_1759.zip,ii
1829_8_1759.zip,ii
1829_9_1759.zip,ii
1830_0_1714.zip,ii
1830_0_1759.zip,ii
1830_10_1759.zip,ii
1830_11_1759.zip,ii
1830_1_1714.zip,ii
1830_1_1759.zip,ii
1830_2_1759.zip,ii
1830_3_1759.zip,ii
1830_4_1759.zip,ii
1830_5_1759.zip,ii
1830_6_1759.zip,ii
1830_7_1759.zip,ii
1830_8_1759.zip,ii
1830_9_1759.zip,ii
1831_0_1714.zip,ii
1831_0_1759.zip,ii
1831_10_1759.zip,ii
1831_11_1759.zip,ii
1831_12_1759.zip,ii
1831_1_1714.zip,ii
1831_1_1759.zip,ii
1831_2_1759.zip,ii
1831_3_1759.zip,ii
1831_4_1759.zip,ii
1831_5_1759.zip,ii
1831_6_1759.zip,ii
1831_7_1759.zip,ii
1831_8_1759.zip,ii
1831_9_1759.zip,ii
1832_0_1714.zip,ii
1832_0_1759.zip,ii
1832_10_1759.zip,ii
1832_11_1759.zip,ii
1832_12_1759.zip,ii
1832_13_1759.zip,ii
1832_14_1759.zip,ii
1832_1_1714.zip,ii
1832_1_1759.zip,ii
1832_2_1759.zip,ii
1832_3_1759.zip,ii
1832_4_1759.zip,ii
1832_5_1759.zip,ii
1832_6_1759.zip,ii
1832_7_1759.zip,ii
1832_8_1759.zip,ii
1832_9_1759.zip,ii
1833_0_1714.zip,ii
1833_0_1759.zip,ii
1833_10_1759.zip,ii
1833_11_1759.zip,ii
1833_1_1714.zip,ii
1833_1_1759.zip,ii
1833_2_1759.zip,ii
1833_3_1759.zip,ii
1833_4_1759.zip,ii
1833_5_1759.zip,ii
1833_6_1759.zip,ii
1833_7_1759.zip,ii
1833_8_1759.zip,ii
1833_9_1759.zip,ii
1834_0_1714.zip,ii
1834_0_1759.zip,ii
1834_10_1759.zip,ii
1834_11_1759.zip,ii
1834_12_1759.zip,ii
1834_1_1714.zip,ii
1834_1_1759.zip,ii
1834_2_1759.zip,ii
1834_3_1759.zip,ii
1834_4_1759.zip,ii
1834_5_1759.zip,ii
1834_6_1759.zip,ii
1834_7_1759.zip,ii
1834_8_1759.zip,ii
1834_9_1759.zip,ii
1835_0_1714.zip,ii
1835_0_1759.zip,ii
1835_10_1759.zip,ii
1835_11_1759.zip,ii
1835_12_1759.zip,ii
1835_1_1714.zip,ii
1835_1_1759.zip,ii
1835_2_1759.zip,ii
1835_3_1759.zip,ii
1835_4_1759.zip,ii
1835_5_1759.zip,ii
1835_6_1759.zip,ii
1835_7_1759.zip,ii
1835_8_1759.zip,ii
1835_9_1759.zip,ii
1836_0_1714.zip,ii
1836_0_1759.zip,ii
1836_10_1759.zip,ii
1836_11_1759.zip,ii
1836_12_1759.zip,ii
1836_1_1714.zip,ii
1836_1_1759.zip,ii
1836_2_1759.zip,ii
1836_3_1759.zip,ii
1836_4_1759.zip,ii
1836_5_1759.zip,ii
1836_6_1759.zip,ii
1836_7_1759.zip,ii
1836_8_1759.zip,ii
1836_9_1759.zip,ii
1837_0_1714.zip,ii
1837_0_1759.zip,ii
1837_10_1759.zip,ii
1837_11_1759.zip,ii
1837_12_1759.zip,ii
1837_13_1759.zip,ii
1837_14_1759.zip,ii
1837_1_1714.zip,ii
1837_1_1759.zip,ii
1837_2_1714.zip,ii
1837_2_1759.zip,ii
1837_3_1759.zip,ii
1837_4_1759.zip,ii
1837_5_1759.zip,ii
1837_6_1759.zip,ii
1837_7_1759.zip,ii
1837_8_1759.zip,ii
1837_9_1759.zip,ii
1838_0_1714.zip,ii
1838_0_1759.zip,ii
1838_10_1759.zip,ii
1838_11_1759.zip,ii
1838_12_1759.zip,ii
1838_13_1759.zip,ii
1838_14_1759.zip,ii
1838_15_1759.zip,ii
1838_1_1714.zip,ii
1838_1_1759.zip,ii
1838_2_1714.zip,ii
1838_2_1759.zip,ii
1838_3_1759.zip,ii
1838_4_1759.zip,ii
1838_5_1759.zip,ii
1838_6_1759.zip,ii
1838_7_1759.zip,ii
1838_8_1759.zip,ii
1838_9_1759.zip,ii
1839_0_1714.zip,ii
1839_0_1759.zip,ii
1839_10_1759.zip,ii
1839_11_1759.zip,ii
1839_12_1759.zip,ii
1839_13_1759.zip,ii
1839_14_1759.zip,ii
1839_1_1714.zip,ii
1839_1_1759.zip,ii
1839_2_1714.zip,ii
1839_2_1759.zip,ii
1839_3_1759.zip,ii
1839_4_1759.zip,ii
1839_5_1759.zip,ii
1839_6_1759.zip,ii
1839_7_1759.zip,ii
1839_8_1759.zip,ii
1839_9_1759.zip,ii
1840_0_1714.zip,ii
1840_0_1759.zip,ii
1840_10_1759.zip,ii
1840_11_1759.zip,ii
1840_12_1759.zip,ii
1840_13_1759.zip,ii
1840_14_1759.zip,ii
1840_15_1759.zip,ii
1840_16_1759.zip,ii
1840_1_1714.zip,ii
1840_1_1759.zip,ii
1840_2_1714.zip,ii
1840_2_1759.zip,ii
1840_3_1759.zip,ii
1840_4_1759.zip,ii
1840_5_1759.zip,ii
1840_6_1759.zip,ii
1840_7_1759.zip,ii
1840_8_1759.zip,ii
1840_9_1759.zip,ii
1841_0_1714.zip,ii
1841_0_1759.zip,ii
1841_10_1759.zip,ii
1841_11_1759.zip,ii
1841_12_1759.zip,ii
1841_13_1759.zip,ii
1841_14_1759.zip,ii
1841_15_1759.zip,ii
1841_16_1759.zip,ii
1841_1_1714.zip,ii
1841_1_1759.zip,ii
1841_2_1714.zip,ii
1841_2_1759.zip,ii
1841_3_1759.zip,ii
1841_4_1759.zip,ii
1841_5_1759.zip,ii
1841_6_1759.zip,ii
1841_7_1759.zip,ii
1841_8_1759.zip,ii
1841_9_1759.zip,ii
1842_0_1714.zip,ii
1842_0_1759.zip,ii
1842_10_1759.zip,ii
1842_11_1759.zip,ii
1842_12_1759.zip,ii
1842_13_1759.zip,ii
1842_14_1759.zip,ii
1842_15_1759.zip,ii
1842_16_1759.zip,ii
1842_17_1759.zip,ii
1842_18_1759.zip,ii
1842_19_1759.zip,ii
1842_1_1714.zip,ii
1842_1_1759.zip,ii
1842_20_1759.zip,ii
1842_2_1714.zip,ii
1842_2_1759.zip,ii
1842_3_1759.zip,ii
1842_4_1759.zip,ii
1842_5_1759.zip,ii
1842_6_1759.zip,ii
1842_7_1759.zip,ii
1842_8_1759.zip,ii
1842_9_1759.zip,ii
1843_0_1714.zip,ii
1843_0_1759.zip,ii
1843_10_1759.zip,ii
1843_11_1759.zip,ii
1843_12_1759.zip,ii
1843_13_1759.zip,ii
1843_14_1759.zip,ii
1843_15_1759.zip,ii
1843_16_1759.zip,ii
1843_17_1759.zip,ii
1843_18_1759.zip,ii
1843_19_1759.zip,ii
1843_1_1714.zip,ii
1843_1_1759.zip,ii
1843_2_1714.zip,ii
1843_2_1759.zip,ii
1843_3_1759.zip,ii
1843_4_1759.zip,ii
1843_5_1759.zip,ii
1843_6_1759.zip,ii
1843_7_1759.zip,ii
1843_8_1759.zip,ii
1843_9_1759.zip,ii
1844_0_1714.zip,ii
1844_0_1759.zip,ii
1844_10_1759.zip,ii
1844_11_1759.zip,ii
1844_12_1759.zip,ii
1844_13_1759.zip,ii
1844_14_1759.zip,ii
1844_15_1759.zip,ii
1844_16_1759.zip,ii
1844_17_1759.zip,ii
1844_18_1759.zip,ii
1844_1_1714.zip,ii
1844_1_1759.zip,ii
1844_2_1714.zip,ii
1844_2_1759.zip,ii
1844_3_1759.zip,ii
1844_4_1759.zip,ii
1844_5_1759.zip,ii
1844_6_1759.zip,ii
1844_7_1759.zip,ii
1844_8_1759.zip,ii
1844_9_1759.zip,ii
1845_0_1714.zip,ii
1845_0_1759.zip,ii
1845_10_1759.zip,ii
1845_11_1759.zip,ii
1845_12_1759.zip,ii
1845_13_1759.zip,ii
1845_14_1759.zip,ii
1845_15_1759.zip,ii
1845_16_1759.zip,ii
1845_17_1759.zip,ii
1845_1_1714.zip,ii
1845_1_1759.zip,ii
1845_2_1714.zip,ii
1845_2_1759.zip,ii
1845_3_1759.zip,ii
1845_4_1759.zip,ii
1845_5_1759.zip,ii
1845_6_1759.zip,ii
1845_7_1759.zip,ii
1845_8_1759.zip,ii
1845_9_1759.zip,ii
1846_0_1714.zip,ii
1846_0_1759.zip,ii
1846_10_1759.zip,ii
1846_11_1759.zip,ii
1846_12_1759.zip,ii
1846_13_1759.zip,ii
1846_14_1759.zip,ii
1846_1_1714.zip,ii
1846_1_1759.zip,ii
1846_2_1714.zip,ii
1846_2_1759.zip,ii
1846_3_1759.zip,ii
1846_4_1759.zip,ii
1846_5_1759.zip,ii
1846_6_1759.zip,ii
1846_7_1759.zip,ii
1846_8_1759.zip,ii
1846_9_1759.zip,ii
1847_0_1714.zip,ii
1847_0_1759.zip,ii
1847_10_1759.zip,ii
1847_11_1759.zip,ii
1847_12_1759.zip,ii
1847_13_1759.zip,ii
1847_14_1759.zip,ii
1847_1_1714.zip,ii
1847_1_1759.zip,ii
1847_2_1714.zip,ii
1847_2_1759.zip,ii
1847_3_1759.zip,ii
1847_4_1759.zip,ii
1847_5_1759.zip,ii
1847_6_1759.zip,ii
1847_7_1759.zip,ii
1847_8_1759.zip,ii
1847_9_1759.zip,ii
1848_0_1714.zip,ii
1848_0_1759.zip,ii
1848_10_1759.zip,ii
1848_11_1759.zip,ii
1848_12_1759.zip,ii
1848_13_1759.zip,ii
1848_14_1759.zip,ii
1848_15_1759.zip,ii
1848_16_1759.zip,ii
1848_17_1759.zip,ii
1848_18_1759.zip,ii
1848_19_1759.zip,ii
1848_1_1714.zip,ii
1848_1_1759.zip,ii
1848_2_1714.zip,ii
1848_2_1759.zip,ii
1848_3_1759.zip,ii
1848_4_1759.zip,ii
1848_5_1759.zip,ii
1848_6_1759.zip,ii
1848_7_1759.zip,ii
1848_8_1759.zip,ii
1848_9_1759.zip,ii
1849_0_1714.zip,ii
1849_0_1759.zip,ii
1849_10_1759.zip,ii
1849_11_1759.zip,ii
1849_12_1759.zip,ii
1849_13_1759.zip,ii
1849_14_1759.zip,ii
1849_15_1759.zip,ii
1849_16_1759.zip,ii
1849_17_1759.zip,ii
1849_18_1759.zip,ii
1849_19_1759.zip,ii
1849_1_1714.zip,ii
1849_1_1759.zip,ii
1849_20_1759.zip,ii
1849_2_1714.zip,ii
1849_2_1759.zip,ii
1849_3_1759.zip,ii
1849_4_1759.zip,ii
1849_5_1759.zip,ii
1849_6_1759.zip,ii
1849_7_1759.zip,ii
1849_8_1759.zip,ii
1849_9_1759.zip,ii
1850_0_1714.zip,ii
1850_0_1759.zip,ii
1850_10_1759.zip,ii
1850_11_1759.zip,ii
1850_12_1759.zip,ii
1850_13_1759.zip,ii
1850_14_1759.zip,ii
1850_15_1759.zip,ii
1850_16_1759.zip,ii
1850_17_1759.zip,ii
1850_18_1759.zip,ii
1850_19_1759.zip,ii
1850_1_1714.zip,ii
1850_1_1759.zip,ii
1850_2_1714.zip,ii
1850_2_1759.zip,ii
1850_3_1759.zip,ii
1850_4_1759.zip,ii
1850_5_1759.zip,ii
1850_6_1759.zip,ii
1850_7_1759.zip,ii
1850_8_1759.zip,ii
1850_9_1759.zip,ii
1851_0_1714.zip,ii
1851_0_1759.zip,ii
1851_10_1759.zip,ii
1851_11_1759.zip,ii
1851_12_1759.zip,ii
1851_13_1759.zip,ii
1851_14_1759.zip,ii
1851_15_1759.zip,ii
1851_16_1759.zip,ii
1851_17_1759.zip,ii
1851_1_1714.zip,ii
1851_1_1759.zip,ii
1851_2_1714.zip,ii
1851_2_1759.zip,ii
1851_3_1759.zip,ii
1851_4_1759.zip,ii
1851_5_1759.zip,ii
1851_6_1759.zip,ii
1851_7_1759.zip,ii
1851_8_1759.zip,ii
1851_9_1759.zip,ii
1852_0_1714.zip,ii
1852_0_1759.zip,ii
1852_10_1759.zip,ii
1852_11_1759.zip,ii
1852_12_1759.zip,ii
1852_13_1759.zip,ii
1852_14_1759.zip,ii
1852_15_1759.zip,ii
1852_16_1759.zip,ii
1852_1_1714.zip,ii
1852_1_1759.zip,ii
1852_2_1714.zip,ii
1852_2_1759.zip,ii
1852_3_1759.zip,ii
1852_4_1759.zip,ii
1852_5_1759.zip,ii
1852_6_1759.zip,ii
1852_7_1759.zip,ii
1852_8_1759.zip,ii
1852_9_1759.zip,ii
1853_0_1714.zip,ii
1853_0_1759.zip,ii
1853_10_1759.zip,ii
1853_11_1759.zip,ii
1853_12_1759.zip,ii
1853_13_1759.zip,ii
1853_14_1759.zip,ii
1853_15_1759.zip,ii
1853_16_1759.zip,ii
1853_1_1714.zip,ii
1853_1_1759.zip,ii
1853_2_1714.zip,ii
1853_2_1759.zip,ii
1853_3_1759.zip,ii
1853_4_1759.zip,ii
1853_5_1759.zip,ii
1853_6_1759.zip,ii
1853_7_1759.zip,ii
1853_8_1759.zip,ii
1853_9_1759.zip,ii
1854_0_1714.zip,ii
1854_0_1759.zip,ii
1854_10_1759.zip,ii
1854_11_1759.zip,ii
1854_12_1759.zip,ii
1854_13_1759.zip,ii
1854_14_1759.zip,ii
1854_15_1759.zip,ii
1854_16_1759.zip,ii
1854_1_1714.zip,ii
1854_1_1759.zip,ii
1854_2_1714.zip,ii
1854_2_1759.zip,ii
1854_3_1759.zip,ii
1854_4_1759.zip,ii
1854_5_1759.zip,ii
1854_6_1759.zip,ii
1854_7_1759.zip,ii
1854_8_1759.zip,ii
1854_9_1759.zip,ii
1855_0_1714.zip,ii
1855_0_1759.zip,ii
1855_10_1759.zip,ii
1855_11_1759.zip,ii
1855_12_1759.zip,ii
1855_13_1759.zip,ii
1855_14_1759.zip,ii
1855_15_1759.zip,ii
1855_16_1759.zip,ii
1855_1_1714.zip,ii
1855_1_1759.zip,ii
1855_2_1714.zip,ii
1855_2_1759.zip,ii
1855_3_1714.zip,ii
1855_3_1759.zip,ii
1855_4_1759.zip,ii
1855_5_1759.zip,ii
1855_6_1759.zip,ii
1855_7_1759.zip,ii
1855_8_1759.zip,ii
1855_9_1759.zip,ii
1856_0_1714.zip,ii
1856_0_1759.zip,ii
1856_10_1759.zip,ii
1856_11_1759.zip,ii
1856_12_1759.zip,ii
1856_13_1759.zip,ii
1856_14_1759.zip,ii
1856_15_1759.zip,ii
1856_16_1759.zip,ii
1856_1_1714.zip,ii
1856_1_1759.zip,ii
1856_2_1714.zip,ii
1856_2_1759.zip,ii
1856_3_1759.zip,ii
1856_4_1759.zip,ii
1856_5_1759.zip,ii
1856_6_1759.zip,ii
1856_7_1759.zip,ii
1856_8_1759.zip,ii
1856_9_1759.zip,ii
1857_0_1714.zip,ii
1857_0_1759.zip,ii
1857_10_1759.zip,ii
1857_11_1759.zip,ii
1857_12_1759.zip,ii
1857_13_1759.zip,ii
1857_14_1759.zip,ii
1857_15_1759.zip,ii
1857_16_1759.zip,ii
1857_17_1759.zip,ii
1857_1_1714.zip,ii
1857_1_1759.zip,ii
1857_2_1714.zip,ii
1857_2_1759.zip,ii
1857_3_1759.zip,ii
1857_4_1759.zip,ii
1857_5_1759.zip,ii
1857_6_1759.zip,ii
1857_7_1759.zip,ii
1857_8_1759.zip,ii
1857_9_1759.zip,ii
1858_0_1714.zip,ii
1858_0_1759.zip,ii
1858_10_1759.zip,ii
1858_11_1759.zip,ii
1858_12_1759.zip,ii
1858_13_1759.zip,ii
1858_14_1759.zip,ii
1858_15_1759.zip,ii
1858_16_1759.zip,ii
1858_17_1759.zip,ii
1858_18_1759.zip,ii
1858_1_1714.zip,ii
1858_1_1759.zip,ii
1858_2_1714.zip,ii
1858_2_1759.zip,ii
1858_3_1759.zip,ii
1858_4_1759.zip,ii
1858_5_1759.zip,ii
1858_6_1759.zip,ii
1858_7_1759.zip,ii
1858_8_1759.zip,ii
1858_9_1759.zip,ii
1859_0_1714.zip,ii
1859_0_1759.zip,ii
1859_10_1759.zip,ii
1859_11_1759.zip,ii
1859_12_1759.zip,ii
1859_13_1759.zip,ii
1859_14_1759.zip,ii
1859_15_1759.zip,ii
1859_16_1759.zip,ii
1859_17_1759.zip,ii
1859_18_1759.zip,ii
1859_1_1714.zip,ii
1859_1_1759.zip,ii
1859_2_1714.zip,ii
1859_2_1759.zip,ii
1859_3_1759.zip,ii
1859_4_1759.zip,ii
1859_5_1759.zip,ii
1859_6_1759.zip,ii
1859_7_1759.zip,ii
1859_8_1759.zip,ii
1859_9_1759.zip,ii
1860_0_1714.zip,ii
1860_0_1759.zip,ii
1860_10_1759.zip,ii
1860_11_1759.zip,ii
1860_12_1759.zip,ii
1860_13_1759.zip,ii
1860_14_1759.zip,ii
1860_15_1759.zip,ii
1860_16_1759.zip,ii
1860_17_1759.zip,ii
1860_1_1714.zip,ii
1860_1_1759.zip,ii
1860_2_1714.zip,ii
1860_2_1759.zip,ii
1860_3_1759.zip,ii
1860_4_1759.zip,ii
1860_5_1759.zip,ii
1860_6_1759.zip,ii
1860_7_1759.zip,ii
1860_8_1759.zip,ii
1860_9_1759.zip,ii
1861_0_1714.zip,ii
1861_0_1759.zip,ii
1861_10_1759.zip,ii
1861_11_1759.zip,ii
1861_12_1759.zip,ii
1861_13_1759.zip,ii
1861_14_1759.zip,ii
1861_15_1759.zip,ii
1861_1_1714.zip,ii
1861_1_1759.zip,ii
1861_2_1714.zip,ii
1861_2_1759.zip,ii
1861_3_1759.zip,ii
1861_4_1759.zip,ii
1861_5_1759.zip,ii
1861_6_1759.zip,ii
1861_7_1759.zip,ii
1861_8_1759.zip,ii
1861_9_1759.zip,ii
1862_0_1714.zip,ii
1862_0_1759.zip,ii
1862_10_1759.zip,ii
1862_11_1759.zip,ii
1862_12_1759.zip,ii
1862_13_1759.zip,ii
1862_14_1759.zip,ii
1862_15_1759.zip,ii
1862_16_1759.zip,ii
1862_17_1759.zip,ii
1862_18_1759.zip,ii
1862_1_1714.zip,ii
1862_1_1759.zip,ii
1862_2_1759.zip,ii
1862_3_1759.zip,ii
1862_4_1759.zip,ii
1862_5_1759.zip,ii
1862_6_1759.zip,ii
1862_7_1759.zip,ii
1862_8_1759.zip,ii
1862_9_1759.zip,ii
1863_0_1714.zip,ii
1863_0_1759.zip,ii
1863_10_1759.zip,ii
1863_11_1759.zip,ii
1863_12_1759.zip,ii
1863_13_1759.zip,ii
1863_14_1759.zip,ii
1863_15_1759.zip,ii
1863_16_1759.zip,ii
1863_17_1759.zip,ii
1863_1_1714.zip,ii
1863_1_1759.zip,ii
1863_2_1759.zip,ii
1863_3_1759.zip,ii
1863_4_1759.zip,ii
1863_5_1759.zip,ii
1863_6_1759.zip,ii
1863_7_1759.zip,ii
1863_8_1759.zip,ii
1863_9_1759.zip,ii
1864_0_1714.zip,ii
1864_0_1759.zip,ii
1864_10_1759.zip,ii
1864_11_1759.zip,ii
1864_12_1759.zip,ii
1864_13_1759.zip,ii
1864_14_1759.zip,ii
1864_15_1759.zip,ii
1864_16_1759.zip,ii
1864_17_1759.zip,ii
1864_18_1759.zip,ii
1864_1_1714.zip,ii
1864_1_1759.zip,ii
1864_2_1714.zip,ii
1864_2_1759.zip,ii
1864_3_1759.zip,ii
1864_4_1759.zip,ii
1864_5_1759.zip,ii
1864_6_1759.zip,ii
1864_7_1759.zip,ii
1864_8_1759.zip,ii
1864_9_1759.zip,ii
1865_0_1714.zip,ii
1865_0_1759.zip,ii
1865_10_1759.zip,ii
1865_11_1759.zip,ii
1865_12_1759.zip,ii
1865_13_1759.zip,ii
1865_14_1759.zip,ii
1865_15_1759.zip,ii
1865_16_1759.zip,ii
1865_17_1759.zip,ii
1865_1_1714.zip,ii
1865_1_1759.zip,ii
1865_2_1759.zip,ii
1865_3_1759.zip,ii
1865_4_1759.zip,ii
1865_5_1759.zip,ii
1865_6_1759.zip,ii
1865_7_1759.zip,ii
1865_8_1759.zip,ii
1865_9_1759.zip,ii
1866_0_1714.zip,ii
1866_0_1759.zip,ii
1866_10_1759.zip,ii
1866_11_1759.zip,ii
1866_12_1759.zip,ii
1866_13_1759.zip,ii
1866_14_1759.zip,ii
1866_15_1759.zip,ii
1866_16_1759.zip,ii
1866_1_1714.zip,ii
1866_1_1759.zip,ii
1866_2_1759.zip,ii
1866_3_1759.zip,ii
1866_4_1759.zip,ii
1866_5_1759.zip,ii
1866_6_1759.zip,ii
1866_7_1759.zip,ii
1866_8_1759.zip,ii
1866_9_1759.zip,ii
1867_0_1714.zip,ii
1867_0_1759.zip,ii
1867_10_1759.zip,ii
1867_11_1759.zip,ii
1867_12_1759.zip,ii
1867_13_1759.zip,ii
1867_14_1759.zip,ii
1867_15_1759.zip,ii
1867_16_1759.zip,ii
1867_1_1714.zip,ii
1867_1_1759.zip,ii
1867_2_1759.zip,ii
1867_3_1759.zip,ii
1867_4_1759.zip,ii
1867_5_1759.zip,ii
1867_6_1759.zip,ii
1867_7_1759.zip,ii
1867_8_1759.zip,ii
1867_9_1759.zip,ii
1868_0_1714.zip,ii
1868_0_1759.zip,ii
1868_10_1759.zip,ii
1868_11_1759.zip,ii
1868_12_1759.zip,ii
1868_13_1759.zip,ii
1868_14_1759.zip,ii
1868_15_1759.zip,ii
1868_16_1759.zip,ii
1868_1_1714.zip,ii
1868_1_1759.zip,ii
1868_2_1759.zip,ii
1868_3_1759.zip,ii
1868_4_1759.zip,ii
1868_5_1759.zip,ii
1868_6_1759.zip,ii
1868_7_1759.zip,ii
1868_8_1759.zip,ii
1868_9_1759.zip,ii
1869_0_1759.zip,ii
1869_10_1759.zip,ii
1869_11_1759.zip,ii
1869_12_1759.zip,ii
1869_13_1759.zip,ii
1869_14_1759.zip,ii
1869_15_1759.zip,ii
1869_1_1759.zip,ii
1869_2_1759.zip,ii
1869_3_1759.zip,ii
1869_4_1759.zip,ii
1869_5_1759.zip,ii
1869_6_1759.zip,ii
1869_7_1759.zip,ii
1869_8_1759.zip,ii
1869_9_1759.zip,ii
1870_0_1759.zip,ii
1870_10_1759.zip,ii
1870_11_1759.zip,ii
1870_12_1759.zip,ii
1870_13_1759.zip,ii
1870_14_1759.zip,ii
1870_1_1759.zip,ii
1870_2_1759.zip,ii
1870_3_1759.zip,ii
1870_4_1759.zip,ii
1870_5_1759.zip,ii
1870_6_1759.zip,ii
1870_7_1759.zip,ii
1870_8_1759.zip,ii
1870_9_1759.zip,ii
1871_0_1759.zip,ii
1871_1_1759.zip,ii
1871_2_1759.zip,ii
1871_3_1759.zip,ii
1871_4_1759.zip,ii
1871_5_1759.zip,ii
1871_6_1759.zip,ii
1871_7_1759.zip,ii
1871_8_1759.zip,ii
1871_9_1759.zip,ii
1872_0_1759.zip,ii
1872_10_1759.zip,ii
1872_1_1759.zip,ii
1872_2_1759.zip,ii
1872_3_1759.zip,ii
1872_4_1759.zip,ii
1872_5_1759.zip,ii
1872_6_1759.zip,ii
1872_7_1759.zip,ii
1872_8_1759.zip,ii
1872_9_1759.zip,ii
1873_0_1759.zip,ii
1873_1_1759.zip,ii
1873_2_1759.zip,ii
1873_3_1759.zip,ii
1873_4_1759.zip,ii
1873_5_1759.zip,ii
1873_6_1759.zip,ii
1873_7_1759.zip,ii
1873_8_1759.zip,ii
1873_9_1759.zip,ii
1874_0_1759.zip,ii
1874_10_1759.zip,ii
1874_1_1759.zip,ii
1874_2_1759.zip,ii
1874_3_1759.zip,ii
1874_4_1759.zip,ii
1874_5_1759.zip,ii
1874_6_1759.zip,ii
1874_7_1759.zip,ii
1874_8_1759.zip,ii
1874_9_1759.zip,ii
1875_0_1759.zip,ii
1875_1_1759.zip,ii
1875_2_1759.zip,ii
1875_3_1759.zip,ii
1875_4_1759.zip,ii
1875_5_1759.zip,ii
1875_6_1759.zip,ii
1875_7_1759.zip,ii
1875_8_1759.zip,ii
1875_9_1759.zip,ii
1876_0_1759.zip,ii
1876_10_1759.zip,ii
1876_1_1759.zip,ii
1876_2_1759.zip,ii
1876_3_1759.zip,ii
1876_4_1759.zip,ii
1876_5_1759.zip,ii
1876_6_1759.zip,ii
1876_7_1759.zip,ii
1876_8_1759.zip,ii
1876_9_1759.zip,ii
1877_0_1759.zip,ii
1877_10_1759.zip,ii
1877_1_1759.zip,ii
1877_2_1759.zip,ii
1877_3_1759.zip,ii
1877_4_1759.zip,ii
1877_5_1759.zip,ii
1877_6_1759.zip,ii
1877_7_1759.zip,ii
1877_8_1759.zip,ii
1877_9_1759.zip,ii
1878_0_1759.zip,ii
1878_10_1759.zip,ii
1878_11_1759.zip,ii
1878_1_1759.zip,ii
1878_2_1759.zip,ii
1878_3_1759.zip,ii
1878_4_1759.zip,ii
1878_5_1759.zip,ii
1878_6_1759.zip,ii
1878_7_1759.zip,ii
1878_8_1759.zip,ii
1878_9_1759.zip,ii
1879_0_1759.zip,ii
1879_10_1759.zip,ii
1879_11_1759.zip,ii
1879_12_1759.zip,ii
1879_1_1759.zip,ii
1879_2_1759.zip,ii
1879_3_1759.zip,ii
1879_4_1759.zip,ii
1879_5_1759.zip,ii
1879_6_1759.zip,ii
1879_7_1759.zip,ii
1879_8_1759.zip,ii
1879_9_1759.zip,ii
1880_0_1759.zip,ii
1880_10_1759.zip,ii
1880_11_1759.zip,ii
1880_12_1759.zip,ii
1880_13_1759.zip,ii
1880_1_1759.zip,ii
1880_2_1759.zip,ii
1880_3_1759.zip,ii
1880_4_1759.zip,ii
1880_5_1759.zip,ii
1880_6_1759.zip,ii
1880_7_1759.zip,ii
1880_8_1759.zip,ii
1880_9_1759.zip,ii
1881_0_1759.zip,ii
1881_1_1759.zip,ii
1881_2_1759.zip,ii
